timestep,total_throughput,agent_0_path,agent_0_cwnd,agent_1_path,agent_1_cwnd,agent_2_path,agent_2_cwnd,agent_3_path,agent_3_cwnd,agent_4_path,agent_4_cwnd,agent_5_path,agent_5_cwnd,agent_6_path,agent_6_cwnd,agent_7_path,agent_7_cwnd,agent_8_path,agent_8_cwnd,agent_9_path,agent_9_cwnd,path_1_load,path_2_load,path_3_load,path_1_loss,total_loss,path_2_loss,path_3_loss
0,33.097530932365636,path_1,4.24,path_1,3.73,path_1,4.32,path_1,2.0,path_1,4.35,path_1,2.0,path_1,4.82,path_1,2.0,path_1,3.62,path_1,2.0,19.1,0,11.61,0.0,0.0,0.0,0.0
1,43.097530932365636,path_1,5.24,path_1,4.73,path_1,5.32,path_1,3.0,path_1,5.35,path_1,3.0,path_1,5.82,path_1,3.0,path_1,4.62,path_1,3.0,33.1,0,0,0.0,0.0,0.0,0.0
2,53.097530932365636,path_1,6.24,path_1,5.73,path_1,6.32,path_1,4.0,path_1,6.35,path_1,4.0,path_1,6.82,path_1,4.0,path_1,5.62,path_1,4.0,43.1,0,0,0.0,0.0,0.0,0.0
3,63.097530932365636,path_1,7.24,path_1,6.73,path_1,7.32,path_1,5.0,path_1,7.35,path_1,5.0,path_1,7.82,path_1,5.0,path_1,6.62,path_1,5.0,53.1,0,0,0.0,0.0,0.0,0.0
4,73.09753093236564,path_1,8.24,path_1,7.73,path_1,8.32,path_1,6.0,path_1,8.35,path_1,6.0,path_1,8.82,path_1,6.0,path_1,7.62,path_1,6.0,63.1,0,0,0.0,0.0,0.0,0.0
5,83.09753093236564,path_1,9.24,path_1,8.73,path_1,9.32,path_1,7.0,path_1,9.35,path_1,7.0,path_1,9.82,path_1,7.0,path_1,8.62,path_1,7.0,73.1,0,0,0.0,0.0,0.0,0.0
6,93.09753093236564,path_1,10.24,path_1,9.73,path_1,10.32,path_1,8.0,path_1,10.35,path_1,8.0,path_1,10.82,path_1,8.0,path_1,9.62,path_1,8.0,83.1,0,0,0.0,0.0,0.0,0.0
7,103.09753093236564,path_1,11.24,path_1,10.73,path_1,11.32,path_1,9.0,path_1,11.35,path_1,9.0,path_1,11.82,path_1,9.0,path_1,10.62,path_1,9.0,93.1,0,0,0.0,0.0,0.0,0.0
8,51.54876546618282,path_1,5.62,path_1,5.37,path_1,5.66,path_1,4.5,path_1,5.68,path_1,4.5,path_1,5.91,path_1,4.5,path_1,5.31,path_1,4.5,103.1,0,0,3.1,3.1,0.0,0.0
9,61.54876546618282,path_1,6.62,path_1,6.37,path_1,6.66,path_1,5.5,path_1,6.68,path_1,5.5,path_1,6.91,path_1,5.5,path_1,6.31,path_1,5.5,51.55,0,0,0.0,0.0,0.0,0.0
10,71.54876546618281,path_1,7.62,path_1,7.37,path_1,7.66,path_1,6.5,path_1,7.68,path_1,6.5,path_1,7.91,path_1,6.5,path_1,7.31,path_1,6.5,61.55,0,0,0.0,0.0,0.0,0.0
11,81.54876546618281,path_1,8.62,path_1,8.37,path_1,8.66,path_1,7.5,path_1,8.68,path_1,7.5,path_1,8.91,path_1,7.5,path_1,8.31,path_1,7.5,71.55,0,0,0.0,0.0,0.0,0.0
12,91.54876546618281,path_1,9.62,path_1,9.37,path_1,9.66,path_1,8.5,path_1,9.68,path_1,8.5,path_1,9.91,path_1,8.5,path_1,9.31,path_1,8.5,81.55,0,0,0.0,0.0,0.0,0.0
13,101.54876546618281,path_1,10.62,path_1,10.37,path_1,10.66,path_1,9.5,path_1,10.68,path_1,9.5,path_1,10.91,path_1,9.5,path_1,10.31,path_1,9.5,91.55,0,0,0.0,0.0,0.0,0.0
14,50.77438273309141,path_1,5.31,path_1,5.18,path_1,5.33,path_1,4.75,path_1,5.34,path_1,4.75,path_1,5.45,path_1,4.75,path_1,5.16,path_1,4.75,101.55,0,0,1.55,1.55,0.0,0.0
15,60.77438273309141,path_1,6.31,path_1,6.18,path_1,6.33,path_1,5.75,path_1,6.34,path_1,5.75,path_1,6.45,path_1,5.75,path_1,6.16,path_1,5.75,50.77,0,0,0.0,0.0,0.0,0.0
16,70.77438273309141,path_1,7.31,path_1,7.18,path_1,7.33,path_1,6.75,path_1,7.34,path_1,6.75,path_1,7.45,path_1,6.75,path_1,7.16,path_1,6.75,60.77,0,0,0.0,0.0,0.0,0.0
17,80.77438273309141,path_1,8.31,path_1,8.18,path_1,8.33,path_1,7.75,path_1,8.34,path_1,7.75,path_1,8.45,path_1,7.75,path_1,8.16,path_1,7.75,70.77,0,0,0.0,0.0,0.0,0.0
18,90.77438273309141,path_1,9.31,path_1,9.18,path_1,9.33,path_1,8.75,path_1,9.34,path_1,8.75,path_1,9.45,path_1,8.75,path_1,9.16,path_1,8.75,80.77,0,0,0.0,0.0,0.0,0.0
19,100.77438273309141,path_1,10.31,path_1,10.18,path_1,10.33,path_1,9.75,path_1,10.34,path_1,9.75,path_1,10.45,path_1,9.75,path_1,10.16,path_1,9.75,90.77,0,0,0.0,0.0,0.0,0.0
20,50.38719136654571,path_1,5.16,path_1,5.09,path_1,5.17,path_1,4.88,path_1,5.17,path_1,4.88,path_1,5.23,path_1,4.88,path_1,5.08,path_1,4.88,100.77,0,0,0.77,0.77,0.0,0.0
21,60.38719136654571,path_1,6.16,path_1,6.09,path_1,6.17,path_1,5.88,path_1,6.17,path_1,5.88,path_1,6.23,path_1,5.88,path_1,6.08,path_1,5.88,50.39,0,0,0.0,0.0,0.0,0.0
22,70.38719136654571,path_1,7.16,path_1,7.09,path_1,7.17,path_1,6.88,path_1,7.17,path_1,6.88,path_1,7.23,path_1,6.88,path_1,7.08,path_1,6.88,60.39,0,0,0.0,0.0,0.0,0.0
23,80.38719136654571,path_1,8.16,path_1,8.09,path_1,8.17,path_1,7.88,path_1,8.17,path_1,7.88,path_1,8.23,path_1,7.88,path_1,8.08,path_1,7.88,70.39,0,0,0.0,0.0,0.0,0.0
24,90.38719136654571,path_1,9.16,path_1,9.09,path_1,9.17,path_1,8.88,path_1,9.17,path_1,8.88,path_1,9.23,path_1,8.88,path_1,9.08,path_1,8.88,80.39,0,0,0.0,0.0,0.0,0.0
25,100.38719136654571,path_1,10.16,path_1,10.09,path_1,10.17,path_1,9.88,path_1,10.17,path_1,9.88,path_1,10.23,path_1,9.88,path_1,10.08,path_1,9.88,90.39,0,0,0.0,0.0,0.0,0.0
26,50.193595683272854,path_1,5.08,path_1,5.05,path_1,5.08,path_1,4.94,path_1,5.08,path_1,4.94,path_1,5.11,path_1,4.94,path_1,5.04,path_1,4.94,100.39,0,0,0.39,0.39,0.0,0.0
27,60.193595683272854,path_1,6.08,path_1,6.05,path_1,6.08,path_1,5.94,path_1,6.08,path_1,5.94,path_1,6.11,path_1,5.94,path_1,6.04,path_1,5.94,50.19,0,0,0.0,0.0,0.0,0.0
28,70.19359568327285,path_1,7.08,path_1,7.05,path_1,7.08,path_1,6.94,path_1,7.08,path_1,6.94,path_1,7.11,path_1,6.94,path_1,7.04,path_1,6.94,60.19,0,0,0.0,0.0,0.0,0.0
29,80.19359568327285,path_1,8.08,path_1,8.05,path_1,8.08,path_1,7.94,path_1,8.08,path_1,7.94,path_1,8.11,path_1,7.94,path_1,8.04,path_1,7.94,70.19,0,0,0.0,0.0,0.0,0.0
30,90.19359568327285,path_1,9.08,path_1,9.05,path_1,9.08,path_1,8.94,path_1,9.08,path_1,8.94,path_1,9.11,path_1,8.94,path_1,9.04,path_1,8.94,80.19,0,0,0.0,0.0,0.0,0.0
31,100.19359568327285,path_1,10.08,path_1,10.05,path_1,10.08,path_1,9.94,path_1,10.08,path_1,9.94,path_1,10.11,path_1,9.94,path_1,10.04,path_1,9.94,90.19,0,0,0.0,0.0,0.0,0.0
32,50.09679784163642,path_1,5.04,path_1,5.02,path_1,5.04,path_1,4.97,path_1,5.04,path_1,4.97,path_1,5.06,path_1,4.97,path_1,5.02,path_1,4.97,100.19,0,0,0.19,0.19,0.0,0.0
33,60.09679784163642,path_1,6.04,path_1,6.02,path_1,6.04,path_1,5.97,path_1,6.04,path_1,5.97,path_1,6.06,path_1,5.97,path_1,6.02,path_1,5.97,50.1,0,0,0.0,0.0,0.0,0.0
34,70.09679784163643,path_1,7.04,path_1,7.02,path_1,7.04,path_1,6.97,path_1,7.04,path_1,6.97,path_1,7.06,path_1,6.97,path_1,7.02,path_1,6.97,60.1,0,0,0.0,0.0,0.0,0.0
35,80.09679784163643,path_1,8.04,path_1,8.02,path_1,8.04,path_1,7.97,path_1,8.04,path_1,7.97,path_1,8.06,path_1,7.97,path_1,8.02,path_1,7.97,70.1,0,0,0.0,0.0,0.0,0.0
36,90.09679784163643,path_1,9.04,path_1,9.02,path_1,9.04,path_1,8.97,path_1,9.04,path_1,8.97,path_1,9.06,path_1,8.97,path_1,9.02,path_1,8.97,80.1,0,0,0.0,0.0,0.0,0.0
37,100.09679784163643,path_1,10.04,path_1,10.02,path_1,10.04,path_1,9.97,path_1,10.04,path_1,9.97,path_1,10.06,path_1,9.97,path_1,10.02,path_1,9.97,90.1,0,0,0.0,0.0,0.0,0.0
38,50.048398920818215,path_1,5.02,path_1,5.01,path_1,5.02,path_1,4.98,path_1,5.02,path_1,4.98,path_1,5.03,path_1,4.98,path_1,5.01,path_1,4.98,100.1,0,0,0.1,0.1,0.0,0.0
39,60.048398920818215,path_1,6.02,path_1,6.01,path_1,6.02,path_1,5.98,path_1,6.02,path_1,5.98,path_1,6.03,path_1,5.98,path_1,6.01,path_1,5.98,50.05,0,0,0.0,0.0,0.0,0.0
40,70.04839892081822,path_1,7.02,path_1,7.01,path_1,7.02,path_1,6.98,path_1,7.02,path_1,6.98,path_1,7.03,path_1,6.98,path_1,7.01,path_1,6.98,60.05,0,0,0.0,0.0,0.0,0.0
41,80.04839892081822,path_1,8.02,path_1,8.01,path_1,8.02,path_1,7.98,path_1,8.02,path_1,7.98,path_1,8.03,path_1,7.98,path_1,8.01,path_1,7.98,70.05,0,0,0.0,0.0,0.0,0.0
42,90.04839892081822,path_1,9.02,path_1,9.01,path_1,9.02,path_1,8.98,path_1,9.02,path_1,8.98,path_1,9.03,path_1,8.98,path_1,9.01,path_1,8.98,80.05,0,0,0.0,0.0,0.0,0.0
43,100.04839892081822,path_1,10.02,path_1,10.01,path_1,10.02,path_1,9.98,path_1,10.02,path_1,9.98,path_1,10.03,path_1,9.98,path_1,10.01,path_1,9.98,90.05,0,0,0.0,0.0,0.0,0.0
44,50.02419946040911,path_1,5.01,path_1,5.01,path_1,5.01,path_1,4.99,path_1,5.01,path_1,4.99,path_1,5.01,path_1,4.99,path_1,5.0,path_1,4.99,100.05,0,0,0.05,0.05,0.0,0.0
45,60.02419946040911,path_1,6.01,path_1,6.01,path_1,6.01,path_1,5.99,path_1,6.01,path_1,5.99,path_1,6.01,path_1,5.99,path_1,6.0,path_1,5.99,50.02,0,0,0.0,0.0,0.0,0.0
46,70.02419946040911,path_1,7.01,path_1,7.01,path_1,7.01,path_1,6.99,path_1,7.01,path_1,6.99,path_1,7.01,path_1,6.99,path_1,7.0,path_1,6.99,60.02,0,0,0.0,0.0,0.0,0.0
47,80.02419946040911,path_1,8.01,path_1,8.01,path_1,8.01,path_1,7.99,path_1,8.01,path_1,7.99,path_1,8.01,path_1,7.99,path_1,8.0,path_1,7.99,70.02,0,0,0.0,0.0,0.0,0.0
48,90.02419946040911,path_1,9.01,path_1,9.01,path_1,9.01,path_1,8.99,path_1,9.01,path_1,8.99,path_1,9.01,path_1,8.99,path_1,9.0,path_1,8.99,80.02,0,0,0.0,0.0,0.0,0.0
49,100.02419946040911,path_1,10.01,path_1,10.01,path_1,10.01,path_1,9.99,path_1,10.01,path_1,9.99,path_1,10.01,path_1,9.99,path_1,10.0,path_1,9.99,90.02,0,0,0.0,0.0,0.0,0.0
50,50.012099730204554,path_1,5.0,path_1,5.0,path_1,5.01,path_1,5.0,path_1,5.01,path_1,5.0,path_1,5.01,path_1,5.0,path_1,5.0,path_1,5.0,100.02,0,0,0.02,0.02,0.0,0.0
51,60.012099730204554,path_1,6.0,path_1,6.0,path_1,6.01,path_1,6.0,path_1,6.01,path_1,6.0,path_1,6.01,path_1,6.0,path_1,6.0,path_1,6.0,50.01,0,0,0.0,0.0,0.0,0.0
52,70.01209973020455,path_1,7.0,path_1,7.0,path_1,7.01,path_1,7.0,path_1,7.01,path_1,7.0,path_1,7.01,path_1,7.0,path_1,7.0,path_1,7.0,60.01,0,0,0.0,0.0,0.0,0.0
53,80.01209973020455,path_1,8.0,path_1,8.0,path_1,8.01,path_1,8.0,path_1,8.01,path_1,8.0,path_1,8.01,path_1,8.0,path_1,8.0,path_1,8.0,70.01,0,0,0.0,0.0,0.0,0.0
54,90.01209973020455,path_1,9.0,path_1,9.0,path_1,9.01,path_1,9.0,path_1,9.01,path_1,9.0,path_1,9.01,path_1,9.0,path_1,9.0,path_1,9.0,80.01,0,0,0.0,0.0,0.0,0.0
55,100.01209973020455,path_1,10.0,path_1,10.0,path_1,10.01,path_1,10.0,path_1,10.01,path_1,10.0,path_1,10.01,path_1,10.0,path_1,10.0,path_1,10.0,90.01,0,0,0.0,0.0,0.0,0.0
56,50.00604986510228,path_1,5.0,path_1,5.0,path_1,5.0,path_1,5.0,path_1,5.0,path_1,5.0,path_1,5.0,path_1,5.0,path_1,5.0,path_1,5.0,100.01,0,0,0.01,0.01,0.0,0.0
57,60.00604986510228,path_1,6.0,path_1,6.0,path_1,6.0,path_1,6.0,path_1,6.0,path_1,6.0,path_1,6.0,path_1,6.0,path_1,6.0,path_1,6.0,50.01,0,0,0.0,0.0,0.0,0.0
58,70.00604986510228,path_1,7.0,path_1,7.0,path_1,7.0,path_1,7.0,path_1,7.0,path_1,7.0,path_1,7.0,path_1,7.0,path_1,7.0,path_1,7.0,60.01,0,0,0.0,0.0,0.0,0.0
59,80.00604986510228,path_1,8.0,path_1,8.0,path_1,8.0,path_1,8.0,path_1,8.0,path_1,8.0,path_1,8.0,path_1,8.0,path_1,8.0,path_1,8.0,70.01,0,0,0.0,0.0,0.0,0.0
60,90.00604986510228,path_1,9.0,path_1,9.0,path_1,9.0,path_1,9.0,path_1,9.0,path_1,9.0,path_1,9.0,path_1,9.0,path_1,9.0,path_1,9.0,80.01,0,0,0.0,0.0,0.0,0.0
61,100.00604986510228,path_1,10.0,path_1,10.0,path_1,10.0,path_1,10.0,path_1,10.0,path_1,10.0,path_1,10.0,path_1,10.0,path_1,10.0,path_1,10.0,90.01,0,0,0.0,0.0,0.0,0.0
62,50.00302493255114,path_1,5.0,path_1,5.0,path_1,5.0,path_1,5.0,path_1,5.0,path_1,5.0,path_1,5.0,path_1,5.0,path_1,5.0,path_1,5.0,100.01,0,0,0.01,0.01,0.0,0.0
63,60.00302493255114,path_1,6.0,path_1,6.0,path_1,6.0,path_1,6.0,path_1,6.0,path_1,6.0,path_1,6.0,path_1,6.0,path_1,6.0,path_1,6.0,50.0,0,0,0.0,0.0,0.0,0.0
64,70.00302493255114,path_1,7.0,path_1,7.0,path_1,7.0,path_1,7.0,path_1,7.0,path_1,7.0,path_1,7.0,path_1,7.0,path_1,7.0,path_1,7.0,60.0,0,0,0.0,0.0,0.0,0.0
65,80.00302493255114,path_1,8.0,path_1,8.0,path_1,8.0,path_1,8.0,path_1,8.0,path_1,8.0,path_1,8.0,path_1,8.0,path_1,8.0,path_1,8.0,70.0,0,0,0.0,0.0,0.0,0.0
66,90.00302493255114,path_1,9.0,path_1,9.0,path_1,9.0,path_1,9.0,path_1,9.0,path_1,9.0,path_1,9.0,path_1,9.0,path_1,9.0,path_1,9.0,80.0,0,0,0.0,0.0,0.0,0.0
67,100.00302493255114,path_1,10.0,path_1,10.0,path_1,10.0,path_1,10.0,path_1,10.0,path_1,10.0,path_1,10.0,path_1,10.0,path_1,10.0,path_1,10.0,90.0,0,0,0.0,0.0,0.0,0.0
68,50.00151246627557,path_1,5.0,path_1,5.0,path_1,5.0,path_1,5.0,path_1,5.0,path_1,5.0,path_1,5.0,path_1,5.0,path_1,5.0,path_1,5.0,100.0,0,0,0.0,0.0,0.0,0.0
69,60.00151246627557,path_1,6.0,path_1,6.0,path_1,6.0,path_1,6.0,path_1,6.0,path_1,6.0,path_1,6.0,path_1,6.0,path_1,6.0,path_1,6.0,50.0,0,0,0.0,0.0,0.0,0.0
70,70.00151246627557,path_1,7.0,path_1,7.0,path_1,7.0,path_1,7.0,path_1,7.0,path_1,7.0,path_1,7.0,path_1,7.0,path_1,7.0,path_1,7.0,60.0,0,0,0.0,0.0,0.0,0.0
71,80.00151246627557,path_1,8.0,path_1,8.0,path_1,8.0,path_1,8.0,path_1,8.0,path_1,8.0,path_1,8.0,path_1,8.0,path_1,8.0,path_1,8.0,70.0,0,0,0.0,0.0,0.0,0.0
72,90.00151246627557,path_1,9.0,path_1,9.0,path_1,9.0,path_1,9.0,path_1,9.0,path_1,9.0,path_1,9.0,path_1,9.0,path_1,9.0,path_1,9.0,80.0,0,0,0.0,0.0,0.0,0.0
73,100.00151246627557,path_1,10.0,path_1,10.0,path_1,10.0,path_1,10.0,path_1,10.0,path_1,10.0,path_1,10.0,path_1,10.0,path_1,10.0,path_1,10.0,90.0,0,0,0.0,0.0,0.0,0.0
74,50.000756233137786,path_1,5.0,path_1,5.0,path_1,5.0,path_1,5.0,path_1,5.0,path_1,5.0,path_1,5.0,path_1,5.0,path_1,5.0,path_1,5.0,100.0,0,0,0.0,0.0,0.0,0.0
75,60.000756233137786,path_1,6.0,path_1,6.0,path_1,6.0,path_1,6.0,path_1,6.0,path_1,6.0,path_1,6.0,path_1,6.0,path_1,6.0,path_1,6.0,50.0,0,0,0.0,0.0,0.0,0.0
76,70.00075623313778,path_1,7.0,path_1,7.0,path_1,7.0,path_1,7.0,path_1,7.0,path_1,7.0,path_1,7.0,path_1,7.0,path_1,7.0,path_1,7.0,60.0,0,0,0.0,0.0,0.0,0.0
77,80.00075623313778,path_1,8.0,path_1,8.0,path_1,8.0,path_1,8.0,path_1,8.0,path_1,8.0,path_1,8.0,path_1,8.0,path_1,8.0,path_1,8.0,70.0,0,0,0.0,0.0,0.0,0.0
78,90.00075623313778,path_1,9.0,path_1,9.0,path_1,9.0,path_1,9.0,path_1,9.0,path_1,9.0,path_1,9.0,path_1,9.0,path_1,9.0,path_1,9.0,80.0,0,0,0.0,0.0,0.0,0.0
79,100.00075623313778,path_1,10.0,path_1,10.0,path_1,10.0,path_1,10.0,path_1,10.0,path_1,10.0,path_1,10.0,path_1,10.0,path_1,10.0,path_1,10.0,90.0,0,0,0.0,0.0,0.0,0.0
80,50.00037811656889,path_1,5.0,path_1,5.0,path_1,5.0,path_1,5.0,path_1,5.0,path_1,5.0,path_1,5.0,path_1,5.0,path_1,5.0,path_1,5.0,100.0,0,0,0.0,0.0,0.0,0.0
81,60.00037811656889,path_1,6.0,path_1,6.0,path_1,6.0,path_1,6.0,path_1,6.0,path_1,6.0,path_1,6.0,path_1,6.0,path_1,6.0,path_1,6.0,50.0,0,0,0.0,0.0,0.0,0.0
82,70.0003781165689,path_1,7.0,path_1,7.0,path_1,7.0,path_1,7.0,path_1,7.0,path_1,7.0,path_1,7.0,path_1,7.0,path_1,7.0,path_1,7.0,60.0,0,0,0.0,0.0,0.0,0.0
83,80.0003781165689,path_1,8.0,path_1,8.0,path_1,8.0,path_1,8.0,path_1,8.0,path_1,8.0,path_1,8.0,path_1,8.0,path_1,8.0,path_1,8.0,70.0,0,0,0.0,0.0,0.0,0.0
84,90.0003781165689,path_1,9.0,path_1,9.0,path_1,9.0,path_1,9.0,path_1,9.0,path_1,9.0,path_1,9.0,path_1,9.0,path_1,9.0,path_1,9.0,80.0,0,0,0.0,0.0,0.0,0.0
85,100.0003781165689,path_1,10.0,path_1,10.0,path_1,10.0,path_1,10.0,path_1,10.0,path_1,10.0,path_1,10.0,path_1,10.0,path_1,10.0,path_1,10.0,90.0,0,0,0.0,0.0,0.0,0.0
86,50.00018905828445,path_1,5.0,path_1,5.0,path_1,5.0,path_1,5.0,path_1,5.0,path_1,5.0,path_1,5.0,path_1,5.0,path_1,5.0,path_1,5.0,100.0,0,0,0.0,0.0,0.0,0.0
87,60.00018905828445,path_1,6.0,path_1,6.0,path_1,6.0,path_1,6.0,path_1,6.0,path_1,6.0,path_1,6.0,path_1,6.0,path_1,6.0,path_1,6.0,50.0,0,0,0.0,0.0,0.0,0.0
88,70.00018905828445,path_1,7.0,path_1,7.0,path_1,7.0,path_1,7.0,path_1,7.0,path_1,7.0,path_1,7.0,path_1,7.0,path_1,7.0,path_1,7.0,60.0,0,0,0.0,0.0,0.0,0.0
89,80.00018905828445,path_1,8.0,path_1,8.0,path_1,8.0,path_1,8.0,path_1,8.0,path_1,8.0,path_1,8.0,path_1,8.0,path_1,8.0,path_1,8.0,70.0,0,0,0.0,0.0,0.0,0.0
90,90.00018905828445,path_1,9.0,path_1,9.0,path_1,9.0,path_1,9.0,path_1,9.0,path_1,9.0,path_1,9.0,path_1,9.0,path_1,9.0,path_1,9.0,80.0,0,0,0.0,0.0,0.0,0.0
91,100.00018905828445,path_1,10.0,path_1,10.0,path_1,10.0,path_1,10.0,path_1,10.0,path_1,10.0,path_1,10.0,path_1,10.0,path_1,10.0,path_1,10.0,90.0,0,0,0.0,0.0,0.0,0.0
92,50.000094529142224,path_1,5.0,path_1,5.0,path_1,5.0,path_1,5.0,path_1,5.0,path_1,5.0,path_1,5.0,path_1,5.0,path_1,5.0,path_1,5.0,100.0,0,0,0.0,0.0,0.0,0.0
93,60.000094529142224,path_1,6.0,path_1,6.0,path_1,6.0,path_1,6.0,path_1,6.0,path_1,6.0,path_1,6.0,path_1,6.0,path_1,6.0,path_1,6.0,50.0,0,0,0.0,0.0,0.0,0.0
94,70.00009452914222,path_1,7.0,path_1,7.0,path_1,7.0,path_1,7.0,path_1,7.0,path_1,7.0,path_1,7.0,path_1,7.0,path_1,7.0,path_1,7.0,60.0,0,0,0.0,0.0,0.0,0.0
95,80.00009452914222,path_1,8.0,path_1,8.0,path_1,8.0,path_1,8.0,path_1,8.0,path_1,8.0,path_1,8.0,path_1,8.0,path_1,8.0,path_1,8.0,70.0,0,0,0.0,0.0,0.0,0.0
96,90.00009452914222,path_1,9.0,path_1,9.0,path_1,9.0,path_1,9.0,path_1,9.0,path_1,9.0,path_1,9.0,path_1,9.0,path_1,9.0,path_1,9.0,80.0,0,0,0.0,0.0,0.0,0.0
97,100.00009452914222,path_1,10.0,path_1,10.0,path_1,10.0,path_1,10.0,path_1,10.0,path_1,10.0,path_1,10.0,path_1,10.0,path_1,10.0,path_1,10.0,90.0,0,0,0.0,0.0,0.0,0.0
98,50.00004726457111,path_1,5.0,path_1,5.0,path_1,5.0,path_1,5.0,path_1,5.0,path_1,5.0,path_1,5.0,path_1,5.0,path_1,5.0,path_1,5.0,100.0,0,0,0.0,0.0,0.0,0.0
99,60.00004726457111,path_1,6.0,path_1,6.0,path_1,6.0,path_1,6.0,path_1,6.0,path_1,6.0,path_1,6.0,path_1,6.0,path_1,6.0,path_1,6.0,50.0,0,0,0.0,0.0,0.0,0.0
100,70.00004726457111,path_1,7.0,path_1,7.0,path_1,7.0,path_1,7.0,path_1,7.0,path_1,7.0,path_1,7.0,path_1,7.0,path_1,7.0,path_1,7.0,60.0,0,0,0.0,0.0,0.0,0.0
101,80.00004726457111,path_1,8.0,path_1,8.0,path_1,8.0,path_1,8.0,path_1,8.0,path_1,8.0,path_1,8.0,path_1,8.0,path_1,8.0,path_1,8.0,70.0,0,0,0.0,0.0,0.0,0.0
102,90.00004726457111,path_1,9.0,path_1,9.0,path_1,9.0,path_1,9.0,path_1,9.0,path_1,9.0,path_1,9.0,path_1,9.0,path_1,9.0,path_1,9.0,80.0,0,0,0.0,0.0,0.0,0.0
103,100.00004726457111,path_1,10.0,path_1,10.0,path_1,10.0,path_1,10.0,path_1,10.0,path_1,10.0,path_1,10.0,path_1,10.0,path_1,10.0,path_1,10.0,90.0,0,0,0.0,0.0,0.0,0.0
104,50.000023632285554,path_1,5.0,path_1,5.0,path_1,5.0,path_1,5.0,path_1,5.0,path_1,5.0,path_1,5.0,path_1,5.0,path_1,5.0,path_1,5.0,100.0,0,0,0.0,0.0,0.0,0.0
105,60.000023632285554,path_1,6.0,path_1,6.0,path_1,6.0,path_1,6.0,path_1,6.0,path_1,6.0,path_1,6.0,path_1,6.0,path_1,6.0,path_1,6.0,50.0,0,0,0.0,0.0,0.0,0.0
106,70.00002363228556,path_1,7.0,path_1,7.0,path_1,7.0,path_1,7.0,path_1,7.0,path_1,7.0,path_1,7.0,path_1,7.0,path_1,7.0,path_1,7.0,60.0,0,0,0.0,0.0,0.0,0.0
107,80.00002363228556,path_1,8.0,path_1,8.0,path_1,8.0,path_1,8.0,path_1,8.0,path_1,8.0,path_1,8.0,path_1,8.0,path_1,8.0,path_1,8.0,70.0,0,0,0.0,0.0,0.0,0.0
108,90.00002363228556,path_1,9.0,path_1,9.0,path_1,9.0,path_1,9.0,path_1,9.0,path_1,9.0,path_1,9.0,path_1,9.0,path_1,9.0,path_1,9.0,80.0,0,0,0.0,0.0,0.0,0.0
109,100.00002363228556,path_1,10.0,path_1,10.0,path_1,10.0,path_1,10.0,path_1,10.0,path_1,10.0,path_1,10.0,path_1,10.0,path_1,10.0,path_1,10.0,90.0,0,0,0.0,0.0,0.0,0.0
110,50.00001181614278,path_1,5.0,path_1,5.0,path_1,5.0,path_1,5.0,path_1,5.0,path_1,5.0,path_1,5.0,path_1,5.0,path_1,5.0,path_1,5.0,100.0,0,0,0.0,0.0,0.0,0.0
111,60.00001181614278,path_1,6.0,path_1,6.0,path_1,6.0,path_1,6.0,path_1,6.0,path_1,6.0,path_1,6.0,path_1,6.0,path_1,6.0,path_1,6.0,50.0,0,0,0.0,0.0,0.0,0.0
112,70.00001181614277,path_1,7.0,path_1,7.0,path_1,7.0,path_1,7.0,path_1,7.0,path_1,7.0,path_1,7.0,path_1,7.0,path_1,7.0,path_1,7.0,60.0,0,0,0.0,0.0,0.0,0.0
113,80.00001181614277,path_1,8.0,path_1,8.0,path_1,8.0,path_1,8.0,path_1,8.0,path_1,8.0,path_1,8.0,path_1,8.0,path_1,8.0,path_1,8.0,70.0,0,0,0.0,0.0,0.0,0.0
114,90.00001181614277,path_1,9.0,path_1,9.0,path_1,9.0,path_1,9.0,path_1,9.0,path_1,9.0,path_1,9.0,path_1,9.0,path_1,9.0,path_1,9.0,80.0,0,0,0.0,0.0,0.0,0.0
115,100.00001181614277,path_1,10.0,path_1,10.0,path_1,10.0,path_1,10.0,path_1,10.0,path_1,10.0,path_1,10.0,path_1,10.0,path_1,10.0,path_1,10.0,90.0,0,0,0.0,0.0,0.0,0.0
116,50.00000590807139,path_1,5.0,path_1,5.0,path_1,5.0,path_1,5.0,path_1,5.0,path_1,5.0,path_1,5.0,path_1,5.0,path_1,5.0,path_1,5.0,100.0,0,0,0.0,0.0,0.0,0.0
117,60.00000590807139,path_1,6.0,path_1,6.0,path_1,6.0,path_1,6.0,path_1,6.0,path_1,6.0,path_1,6.0,path_1,6.0,path_1,6.0,path_1,6.0,50.0,0,0,0.0,0.0,0.0,0.0
118,70.00000590807139,path_1,7.0,path_1,7.0,path_1,7.0,path_1,7.0,path_1,7.0,path_1,7.0,path_1,7.0,path_1,7.0,path_1,7.0,path_1,7.0,60.0,0,0,0.0,0.0,0.0,0.0
119,80.00000590807139,path_1,8.0,path_1,8.0,path_1,8.0,path_1,8.0,path_1,8.0,path_1,8.0,path_1,8.0,path_1,8.0,path_1,8.0,path_1,8.0,70.0,0,0,0.0,0.0,0.0,0.0
120,90.00000590807139,path_1,9.0,path_1,9.0,path_1,9.0,path_1,9.0,path_1,9.0,path_1,9.0,path_1,9.0,path_1,9.0,path_1,9.0,path_1,9.0,80.0,0,0,0.0,0.0,0.0,0.0
121,100.00000590807139,path_1,10.0,path_1,10.0,path_1,10.0,path_1,10.0,path_1,10.0,path_1,10.0,path_1,10.0,path_1,10.0,path_1,10.0,path_1,10.0,90.0,0,0,0.0,0.0,0.0,0.0
122,50.00000295403569,path_1,5.0,path_1,5.0,path_1,5.0,path_1,5.0,path_1,5.0,path_1,5.0,path_1,5.0,path_1,5.0,path_1,5.0,path_1,5.0,100.0,0,0,0.0,0.0,0.0,0.0
123,60.00000295403569,path_1,6.0,path_1,6.0,path_1,6.0,path_1,6.0,path_1,6.0,path_1,6.0,path_1,6.0,path_1,6.0,path_1,6.0,path_1,6.0,50.0,0,0,0.0,0.0,0.0,0.0
124,70.0000029540357,path_1,7.0,path_1,7.0,path_1,7.0,path_1,7.0,path_1,7.0,path_1,7.0,path_1,7.0,path_1,7.0,path_1,7.0,path_1,7.0,60.0,0,0,0.0,0.0,0.0,0.0
125,80.0000029540357,path_1,8.0,path_1,8.0,path_1,8.0,path_1,8.0,path_1,8.0,path_1,8.0,path_1,8.0,path_1,8.0,path_1,8.0,path_1,8.0,70.0,0,0,0.0,0.0,0.0,0.0
126,90.0000029540357,path_1,9.0,path_1,9.0,path_1,9.0,path_1,9.0,path_1,9.0,path_1,9.0,path_1,9.0,path_1,9.0,path_1,9.0,path_1,9.0,80.0,0,0,0.0,0.0,0.0,0.0
127,100.0000029540357,path_1,10.0,path_1,10.0,path_1,10.0,path_1,10.0,path_1,10.0,path_1,10.0,path_1,10.0,path_1,10.0,path_1,10.0,path_1,10.0,90.0,0,0,0.0,0.0,0.0,0.0
128,50.00000147701785,path_1,5.0,path_1,5.0,path_1,5.0,path_1,5.0,path_1,5.0,path_1,5.0,path_1,5.0,path_1,5.0,path_1,5.0,path_1,5.0,100.0,0,0,0.0,0.0,0.0,0.0
129,60.00000147701785,path_1,6.0,path_1,6.0,path_1,6.0,path_1,6.0,path_1,6.0,path_1,6.0,path_1,6.0,path_1,6.0,path_1,6.0,path_1,6.0,50.0,0,0,0.0,0.0,0.0,0.0
130,70.00000147701785,path_1,7.0,path_1,7.0,path_1,7.0,path_1,7.0,path_1,7.0,path_1,7.0,path_1,7.0,path_1,7.0,path_1,7.0,path_1,7.0,60.0,0,0,0.0,0.0,0.0,0.0
131,80.00000147701785,path_1,8.0,path_1,8.0,path_1,8.0,path_1,8.0,path_1,8.0,path_1,8.0,path_1,8.0,path_1,8.0,path_1,8.0,path_1,8.0,70.0,0,0,0.0,0.0,0.0,0.0
132,90.00000147701785,path_1,9.0,path_1,9.0,path_1,9.0,path_1,9.0,path_1,9.0,path_1,9.0,path_1,9.0,path_1,9.0,path_1,9.0,path_1,9.0,80.0,0,0,0.0,0.0,0.0,0.0
133,100.00000147701785,path_1,10.0,path_1,10.0,path_1,10.0,path_1,10.0,path_1,10.0,path_1,10.0,path_1,10.0,path_1,10.0,path_1,10.0,path_1,10.0,90.0,0,0,0.0,0.0,0.0,0.0
134,50.00000073850892,path_1,5.0,path_1,5.0,path_1,5.0,path_1,5.0,path_1,5.0,path_1,5.0,path_1,5.0,path_1,5.0,path_1,5.0,path_1,5.0,100.0,0,0,0.0,0.0,0.0,0.0
135,60.00000073850892,path_1,6.0,path_1,6.0,path_1,6.0,path_1,6.0,path_1,6.0,path_1,6.0,path_1,6.0,path_1,6.0,path_1,6.0,path_1,6.0,50.0,0,0,0.0,0.0,0.0,0.0
136,70.00000073850893,path_1,7.0,path_1,7.0,path_1,7.0,path_1,7.0,path_1,7.0,path_1,7.0,path_1,7.0,path_1,7.0,path_1,7.0,path_1,7.0,60.0,0,0,0.0,0.0,0.0,0.0
137,80.00000073850892,path_1,8.0,path_1,8.0,path_1,8.0,path_1,8.0,path_1,8.0,path_1,8.0,path_1,8.0,path_1,8.0,path_1,8.0,path_1,8.0,70.0,0,0,0.0,0.0,0.0,0.0
138,90.00000073850892,path_1,9.0,path_1,9.0,path_1,9.0,path_1,9.0,path_1,9.0,path_1,9.0,path_1,9.0,path_1,9.0,path_1,9.0,path_1,9.0,80.0,0,0,0.0,0.0,0.0,0.0
139,100.00000073850892,path_1,10.0,path_1,10.0,path_1,10.0,path_1,10.0,path_1,10.0,path_1,10.0,path_1,10.0,path_1,10.0,path_1,10.0,path_1,10.0,90.0,0,0,0.0,0.0,0.0,0.0
140,50.00000036925446,path_1,5.0,path_1,5.0,path_1,5.0,path_1,5.0,path_1,5.0,path_1,5.0,path_1,5.0,path_1,5.0,path_1,5.0,path_1,5.0,100.0,0,0,0.0,0.0,0.0,0.0
141,60.00000036925446,path_1,6.0,path_1,6.0,path_1,6.0,path_1,6.0,path_1,6.0,path_1,6.0,path_1,6.0,path_1,6.0,path_1,6.0,path_1,6.0,50.0,0,0,0.0,0.0,0.0,0.0
142,70.00000036925447,path_1,7.0,path_1,7.0,path_1,7.0,path_1,7.0,path_1,7.0,path_1,7.0,path_1,7.0,path_1,7.0,path_1,7.0,path_1,7.0,60.0,0,0,0.0,0.0,0.0,0.0
143,80.00000036925447,path_1,8.0,path_1,8.0,path_1,8.0,path_1,8.0,path_1,8.0,path_1,8.0,path_1,8.0,path_1,8.0,path_1,8.0,path_1,8.0,70.0,0,0,0.0,0.0,0.0,0.0
144,90.00000036925447,path_1,9.0,path_1,9.0,path_1,9.0,path_1,9.0,path_1,9.0,path_1,9.0,path_1,9.0,path_1,9.0,path_1,9.0,path_1,9.0,80.0,0,0,0.0,0.0,0.0,0.0
145,100.00000036925447,path_1,10.0,path_1,10.0,path_1,10.0,path_1,10.0,path_1,10.0,path_1,10.0,path_1,10.0,path_1,10.0,path_1,10.0,path_1,10.0,90.0,0,0,0.0,0.0,0.0,0.0
146,50.00000018462723,path_1,5.0,path_1,5.0,path_1,5.0,path_1,5.0,path_1,5.0,path_1,5.0,path_1,5.0,path_1,5.0,path_1,5.0,path_1,5.0,100.0,0,0,0.0,0.0,0.0,0.0
147,60.00000018462723,path_1,6.0,path_1,6.0,path_1,6.0,path_1,6.0,path_1,6.0,path_1,6.0,path_1,6.0,path_1,6.0,path_1,6.0,path_1,6.0,50.0,0,0,0.0,0.0,0.0,0.0
148,70.00000018462723,path_1,7.0,path_1,7.0,path_1,7.0,path_1,7.0,path_1,7.0,path_1,7.0,path_1,7.0,path_1,7.0,path_1,7.0,path_1,7.0,60.0,0,0,0.0,0.0,0.0,0.0
149,80.00000018462723,path_1,8.0,path_1,8.0,path_1,8.0,path_1,8.0,path_1,8.0,path_1,8.0,path_1,8.0,path_1,8.0,path_1,8.0,path_1,8.0,70.0,0,0,0.0,0.0,0.0,0.0
150,90.00000018462723,path_1,9.0,path_1,9.0,path_1,9.0,path_1,9.0,path_1,9.0,path_1,9.0,path_1,9.0,path_1,9.0,path_1,9.0,path_1,9.0,80.0,0,0,0.0,0.0,0.0,0.0
151,100.00000018462723,path_1,10.0,path_1,10.0,path_1,10.0,path_1,10.0,path_1,10.0,path_1,10.0,path_1,10.0,path_1,10.0,path_1,10.0,path_1,10.0,90.0,0,0,0.0,0.0,0.0,0.0
152,50.00000009231361,path_1,5.0,path_1,5.0,path_1,5.0,path_1,5.0,path_1,5.0,path_1,5.0,path_1,5.0,path_1,5.0,path_1,5.0,path_1,5.0,100.0,0,0,0.0,0.0,0.0,0.0
153,60.00000009231361,path_1,6.0,path_1,6.0,path_1,6.0,path_1,6.0,path_1,6.0,path_1,6.0,path_1,6.0,path_1,6.0,path_1,6.0,path_1,6.0,50.0,0,0,0.0,0.0,0.0,0.0
154,70.00000009231361,path_1,7.0,path_1,7.0,path_1,7.0,path_1,7.0,path_1,7.0,path_1,7.0,path_1,7.0,path_1,7.0,path_1,7.0,path_1,7.0,60.0,0,0,0.0,0.0,0.0,0.0
155,80.00000009231361,path_1,8.0,path_1,8.0,path_1,8.0,path_1,8.0,path_1,8.0,path_1,8.0,path_1,8.0,path_1,8.0,path_1,8.0,path_1,8.0,70.0,0,0,0.0,0.0,0.0,0.0
156,90.00000009231361,path_1,9.0,path_1,9.0,path_1,9.0,path_1,9.0,path_1,9.0,path_1,9.0,path_1,9.0,path_1,9.0,path_1,9.0,path_1,9.0,80.0,0,0,0.0,0.0,0.0,0.0
157,100.00000009231361,path_1,10.0,path_1,10.0,path_1,10.0,path_1,10.0,path_1,10.0,path_1,10.0,path_1,10.0,path_1,10.0,path_1,10.0,path_1,10.0,90.0,0,0,0.0,0.0,0.0,0.0
158,50.000000046156806,path_1,5.0,path_1,5.0,path_1,5.0,path_1,5.0,path_1,5.0,path_1,5.0,path_1,5.0,path_1,5.0,path_1,5.0,path_1,5.0,100.0,0,0,0.0,0.0,0.0,0.0
159,60.000000046156806,path_1,6.0,path_1,6.0,path_1,6.0,path_1,6.0,path_1,6.0,path_1,6.0,path_1,6.0,path_1,6.0,path_1,6.0,path_1,6.0,50.0,0,0,0.0,0.0,0.0,0.0
160,70.00000004615681,path_1,7.0,path_1,7.0,path_1,7.0,path_1,7.0,path_1,7.0,path_1,7.0,path_1,7.0,path_1,7.0,path_1,7.0,path_1,7.0,60.0,0,0,0.0,0.0,0.0,0.0
161,80.00000004615681,path_1,8.0,path_1,8.0,path_1,8.0,path_1,8.0,path_1,8.0,path_1,8.0,path_1,8.0,path_1,8.0,path_1,8.0,path_1,8.0,70.0,0,0,0.0,0.0,0.0,0.0
162,90.00000004615681,path_1,9.0,path_1,9.0,path_1,9.0,path_1,9.0,path_1,9.0,path_1,9.0,path_1,9.0,path_1,9.0,path_1,9.0,path_1,9.0,80.0,0,0,0.0,0.0,0.0,0.0
163,100.00000004615681,path_1,10.0,path_1,10.0,path_1,10.0,path_1,10.0,path_1,10.0,path_1,10.0,path_1,10.0,path_1,10.0,path_1,10.0,path_1,10.0,90.0,0,0,0.0,0.0,0.0,0.0
164,50.00000002307841,path_1,5.0,path_1,5.0,path_1,5.0,path_1,5.0,path_1,5.0,path_1,5.0,path_1,5.0,path_1,5.0,path_1,5.0,path_1,5.0,100.0,0,0,0.0,0.0,0.0,0.0
165,60.00000002307841,path_1,6.0,path_1,6.0,path_1,6.0,path_1,6.0,path_1,6.0,path_1,6.0,path_1,6.0,path_1,6.0,path_1,6.0,path_1,6.0,50.0,0,0,0.0,0.0,0.0,0.0
166,70.0000000230784,path_1,7.0,path_1,7.0,path_1,7.0,path_1,7.0,path_1,7.0,path_1,7.0,path_1,7.0,path_1,7.0,path_1,7.0,path_1,7.0,60.0,0,0,0.0,0.0,0.0,0.0
167,80.0000000230784,path_1,8.0,path_1,8.0,path_1,8.0,path_1,8.0,path_1,8.0,path_1,8.0,path_1,8.0,path_1,8.0,path_1,8.0,path_1,8.0,70.0,0,0,0.0,0.0,0.0,0.0
168,90.0000000230784,path_1,9.0,path_1,9.0,path_1,9.0,path_1,9.0,path_1,9.0,path_1,9.0,path_1,9.0,path_1,9.0,path_1,9.0,path_1,9.0,80.0,0,0,0.0,0.0,0.0,0.0
169,100.0000000230784,path_1,10.0,path_1,10.0,path_1,10.0,path_1,10.0,path_1,10.0,path_1,10.0,path_1,10.0,path_1,10.0,path_1,10.0,path_1,10.0,90.0,0,0,0.0,0.0,0.0,0.0
170,50.0000000115392,path_1,5.0,path_1,5.0,path_1,5.0,path_1,5.0,path_1,5.0,path_1,5.0,path_1,5.0,path_1,5.0,path_1,5.0,path_1,5.0,100.0,0,0,0.0,0.0,0.0,0.0
171,60.0000000115392,path_1,6.0,path_1,6.0,path_1,6.0,path_1,6.0,path_1,6.0,path_1,6.0,path_1,6.0,path_1,6.0,path_1,6.0,path_1,6.0,50.0,0,0,0.0,0.0,0.0,0.0
172,70.0000000115392,path_1,7.0,path_1,7.0,path_1,7.0,path_1,7.0,path_1,7.0,path_1,7.0,path_1,7.0,path_1,7.0,path_1,7.0,path_1,7.0,60.0,0,0,0.0,0.0,0.0,0.0
173,80.0000000115392,path_1,8.0,path_1,8.0,path_1,8.0,path_1,8.0,path_1,8.0,path_1,8.0,path_1,8.0,path_1,8.0,path_1,8.0,path_1,8.0,70.0,0,0,0.0,0.0,0.0,0.0
174,90.0000000115392,path_1,9.0,path_1,9.0,path_1,9.0,path_1,9.0,path_1,9.0,path_1,9.0,path_1,9.0,path_1,9.0,path_1,9.0,path_1,9.0,80.0,0,0,0.0,0.0,0.0,0.0
175,100.0000000115392,path_1,10.0,path_1,10.0,path_1,10.0,path_1,10.0,path_1,10.0,path_1,10.0,path_1,10.0,path_1,10.0,path_1,10.0,path_1,10.0,90.0,0,0,0.0,0.0,0.0,0.0
176,50.0000000057696,path_1,5.0,path_1,5.0,path_1,5.0,path_1,5.0,path_1,5.0,path_1,5.0,path_1,5.0,path_1,5.0,path_1,5.0,path_1,5.0,100.0,0,0,0.0,0.0,0.0,0.0
177,60.0000000057696,path_1,6.0,path_1,6.0,path_1,6.0,path_1,6.0,path_1,6.0,path_1,6.0,path_1,6.0,path_1,6.0,path_1,6.0,path_1,6.0,50.0,0,0,0.0,0.0,0.0,0.0
178,70.0000000057696,path_1,7.0,path_1,7.0,path_1,7.0,path_1,7.0,path_1,7.0,path_1,7.0,path_1,7.0,path_1,7.0,path_1,7.0,path_1,7.0,60.0,0,0,0.0,0.0,0.0,0.0
179,80.0000000057696,path_1,8.0,path_1,8.0,path_1,8.0,path_1,8.0,path_1,8.0,path_1,8.0,path_1,8.0,path_1,8.0,path_1,8.0,path_1,8.0,70.0,0,0,0.0,0.0,0.0,0.0
180,90.0000000057696,path_1,9.0,path_1,9.0,path_1,9.0,path_1,9.0,path_1,9.0,path_1,9.0,path_1,9.0,path_1,9.0,path_1,9.0,path_1,9.0,80.0,0,0,0.0,0.0,0.0,0.0
181,100.0000000057696,path_1,10.0,path_1,10.0,path_1,10.0,path_1,10.0,path_1,10.0,path_1,10.0,path_1,10.0,path_1,10.0,path_1,10.0,path_1,10.0,90.0,0,0,0.0,0.0,0.0,0.0
182,50.0000000028848,path_1,5.0,path_1,5.0,path_1,5.0,path_1,5.0,path_1,5.0,path_1,5.0,path_1,5.0,path_1,5.0,path_1,5.0,path_1,5.0,100.0,0,0,0.0,0.0,0.0,0.0
183,60.0000000028848,path_1,6.0,path_1,6.0,path_1,6.0,path_1,6.0,path_1,6.0,path_1,6.0,path_1,6.0,path_1,6.0,path_1,6.0,path_1,6.0,50.0,0,0,0.0,0.0,0.0,0.0
184,70.0000000028848,path_1,7.0,path_1,7.0,path_1,7.0,path_1,7.0,path_1,7.0,path_1,7.0,path_1,7.0,path_1,7.0,path_1,7.0,path_1,7.0,60.0,0,0,0.0,0.0,0.0,0.0
185,80.0000000028848,path_1,8.0,path_1,8.0,path_1,8.0,path_1,8.0,path_1,8.0,path_1,8.0,path_1,8.0,path_1,8.0,path_1,8.0,path_1,8.0,70.0,0,0,0.0,0.0,0.0,0.0
186,90.0000000028848,path_1,9.0,path_1,9.0,path_1,9.0,path_1,9.0,path_1,9.0,path_1,9.0,path_1,9.0,path_1,9.0,path_1,9.0,path_1,9.0,80.0,0,0,0.0,0.0,0.0,0.0
187,100.0000000028848,path_1,10.0,path_1,10.0,path_1,10.0,path_1,10.0,path_1,10.0,path_1,10.0,path_1,10.0,path_1,10.0,path_1,10.0,path_1,10.0,90.0,0,0,0.0,0.0,0.0,0.0
188,50.0000000014424,path_1,5.0,path_1,5.0,path_1,5.0,path_1,5.0,path_1,5.0,path_1,5.0,path_1,5.0,path_1,5.0,path_1,5.0,path_1,5.0,100.0,0,0,0.0,0.0,0.0,0.0
189,60.0000000014424,path_1,6.0,path_1,6.0,path_1,6.0,path_1,6.0,path_1,6.0,path_1,6.0,path_1,6.0,path_1,6.0,path_1,6.0,path_1,6.0,50.0,0,0,0.0,0.0,0.0,0.0
190,70.0000000014424,path_1,7.0,path_1,7.0,path_1,7.0,path_1,7.0,path_1,7.0,path_1,7.0,path_1,7.0,path_1,7.0,path_1,7.0,path_1,7.0,60.0,0,0,0.0,0.0,0.0,0.0
191,80.0000000014424,path_1,8.0,path_1,8.0,path_1,8.0,path_1,8.0,path_1,8.0,path_1,8.0,path_1,8.0,path_1,8.0,path_1,8.0,path_1,8.0,70.0,0,0,0.0,0.0,0.0,0.0
192,90.0000000014424,path_1,9.0,path_1,9.0,path_1,9.0,path_1,9.0,path_1,9.0,path_1,9.0,path_1,9.0,path_1,9.0,path_1,9.0,path_1,9.0,80.0,0,0,0.0,0.0,0.0,0.0
193,100.0000000014424,path_1,10.0,path_1,10.0,path_1,10.0,path_1,10.0,path_1,10.0,path_1,10.0,path_1,10.0,path_1,10.0,path_1,10.0,path_1,10.0,90.0,0,0,0.0,0.0,0.0,0.0
194,50.0000000007212,path_1,5.0,path_1,5.0,path_1,5.0,path_1,5.0,path_1,5.0,path_1,5.0,path_1,5.0,path_1,5.0,path_1,5.0,path_1,5.0,100.0,0,0,0.0,0.0,0.0,0.0
195,60.0000000007212,path_1,6.0,path_1,6.0,path_1,6.0,path_1,6.0,path_1,6.0,path_1,6.0,path_1,6.0,path_1,6.0,path_1,6.0,path_1,6.0,50.0,0,0,0.0,0.0,0.0,0.0
196,70.0000000007212,path_1,7.0,path_1,7.0,path_1,7.0,path_1,7.0,path_1,7.0,path_1,7.0,path_1,7.0,path_1,7.0,path_1,7.0,path_1,7.0,60.0,0,0,0.0,0.0,0.0,0.0
197,80.0000000007212,path_1,8.0,path_1,8.0,path_1,8.0,path_1,8.0,path_1,8.0,path_1,8.0,path_1,8.0,path_1,8.0,path_1,8.0,path_1,8.0,70.0,0,0,0.0,0.0,0.0,0.0
198,90.0000000007212,path_1,9.0,path_1,9.0,path_1,9.0,path_1,9.0,path_1,9.0,path_1,9.0,path_1,9.0,path_1,9.0,path_1,9.0,path_1,9.0,80.0,0,0,0.0,0.0,0.0,0.0
199,100.0000000007212,path_1,10.0,path_1,10.0,path_1,10.0,path_1,10.0,path_1,10.0,path_1,10.0,path_1,10.0,path_1,10.0,path_1,10.0,path_1,10.0,90.0,0,0,0.0,0.0,0.0,0.0
200,50.0000000003606,path_1,5.0,path_1,5.0,path_1,5.0,path_1,5.0,path_1,5.0,path_1,5.0,path_1,5.0,path_1,5.0,path_1,5.0,path_1,5.0,100.0,0,0,0.0,0.0,0.0,0.0
201,60.0000000003606,path_1,6.0,path_1,6.0,path_1,6.0,path_1,6.0,path_1,6.0,path_1,6.0,path_1,6.0,path_1,6.0,path_1,6.0,path_1,6.0,50.0,0,0,0.0,0.0,0.0,0.0
202,70.0000000003606,path_1,7.0,path_1,7.0,path_1,7.0,path_1,7.0,path_1,7.0,path_1,7.0,path_1,7.0,path_1,7.0,path_1,7.0,path_1,7.0,60.0,0,0,0.0,0.0,0.0,0.0
203,80.0000000003606,path_1,8.0,path_1,8.0,path_1,8.0,path_1,8.0,path_1,8.0,path_1,8.0,path_1,8.0,path_1,8.0,path_1,8.0,path_1,8.0,70.0,0,0,0.0,0.0,0.0,0.0
204,90.0000000003606,path_1,9.0,path_1,9.0,path_1,9.0,path_1,9.0,path_1,9.0,path_1,9.0,path_1,9.0,path_1,9.0,path_1,9.0,path_1,9.0,80.0,0,0,0.0,0.0,0.0,0.0
205,100.0000000003606,path_1,10.0,path_1,10.0,path_1,10.0,path_1,10.0,path_1,10.0,path_1,10.0,path_1,10.0,path_1,10.0,path_1,10.0,path_1,10.0,90.0,0,0,0.0,0.0,0.0,0.0
206,50.0000000001803,path_1,5.0,path_1,5.0,path_1,5.0,path_1,5.0,path_1,5.0,path_1,5.0,path_1,5.0,path_1,5.0,path_1,5.0,path_1,5.0,100.0,0,0,0.0,0.0,0.0,0.0
207,60.0000000001803,path_1,6.0,path_1,6.0,path_1,6.0,path_1,6.0,path_1,6.0,path_1,6.0,path_1,6.0,path_1,6.0,path_1,6.0,path_1,6.0,50.0,0,0,0.0,0.0,0.0,0.0
208,70.00000000018031,path_1,7.0,path_1,7.0,path_1,7.0,path_1,7.0,path_1,7.0,path_1,7.0,path_1,7.0,path_1,7.0,path_1,7.0,path_1,7.0,60.0,0,0,0.0,0.0,0.0,0.0
209,80.0000000001803,path_1,8.0,path_1,8.0,path_1,8.0,path_1,8.0,path_1,8.0,path_1,8.0,path_1,8.0,path_1,8.0,path_1,8.0,path_1,8.0,70.0,0,0,0.0,0.0,0.0,0.0
210,90.0000000001803,path_1,9.0,path_1,9.0,path_1,9.0,path_1,9.0,path_1,9.0,path_1,9.0,path_1,9.0,path_1,9.0,path_1,9.0,path_1,9.0,80.0,0,0,0.0,0.0,0.0,0.0
211,100.0000000001803,path_1,10.0,path_1,10.0,path_1,10.0,path_1,10.0,path_1,10.0,path_1,10.0,path_1,10.0,path_1,10.0,path_1,10.0,path_1,10.0,90.0,0,0,0.0,0.0,0.0,0.0
212,50.00000000009015,path_1,5.0,path_1,5.0,path_1,5.0,path_1,5.0,path_1,5.0,path_1,5.0,path_1,5.0,path_1,5.0,path_1,5.0,path_1,5.0,100.0,0,0,0.0,0.0,0.0,0.0
213,60.00000000009015,path_1,6.0,path_1,6.0,path_1,6.0,path_1,6.0,path_1,6.0,path_1,6.0,path_1,6.0,path_1,6.0,path_1,6.0,path_1,6.0,50.0,0,0,0.0,0.0,0.0,0.0
214,70.00000000009015,path_1,7.0,path_1,7.0,path_1,7.0,path_1,7.0,path_1,7.0,path_1,7.0,path_1,7.0,path_1,7.0,path_1,7.0,path_1,7.0,60.0,0,0,0.0,0.0,0.0,0.0
215,80.00000000009015,path_1,8.0,path_1,8.0,path_1,8.0,path_1,8.0,path_1,8.0,path_1,8.0,path_1,8.0,path_1,8.0,path_1,8.0,path_1,8.0,70.0,0,0,0.0,0.0,0.0,0.0
216,90.00000000009015,path_1,9.0,path_1,9.0,path_1,9.0,path_1,9.0,path_1,9.0,path_1,9.0,path_1,9.0,path_1,9.0,path_1,9.0,path_1,9.0,80.0,0,0,0.0,0.0,0.0,0.0
217,100.00000000009015,path_1,10.0,path_1,10.0,path_1,10.0,path_1,10.0,path_1,10.0,path_1,10.0,path_1,10.0,path_1,10.0,path_1,10.0,path_1,10.0,90.0,0,0,0.0,0.0,0.0,0.0
218,50.00000000004508,path_1,5.0,path_1,5.0,path_1,5.0,path_1,5.0,path_1,5.0,path_1,5.0,path_1,5.0,path_1,5.0,path_1,5.0,path_1,5.0,100.0,0,0,0.0,0.0,0.0,0.0
219,60.00000000004508,path_1,6.0,path_1,6.0,path_1,6.0,path_1,6.0,path_1,6.0,path_1,6.0,path_1,6.0,path_1,6.0,path_1,6.0,path_1,6.0,50.0,0,0,0.0,0.0,0.0,0.0
220,70.00000000004508,path_1,7.0,path_1,7.0,path_1,7.0,path_1,7.0,path_1,7.0,path_1,7.0,path_1,7.0,path_1,7.0,path_1,7.0,path_1,7.0,60.0,0,0,0.0,0.0,0.0,0.0
221,80.00000000004508,path_1,8.0,path_1,8.0,path_1,8.0,path_1,8.0,path_1,8.0,path_1,8.0,path_1,8.0,path_1,8.0,path_1,8.0,path_1,8.0,70.0,0,0,0.0,0.0,0.0,0.0
222,90.00000000004508,path_1,9.0,path_1,9.0,path_1,9.0,path_1,9.0,path_1,9.0,path_1,9.0,path_1,9.0,path_1,9.0,path_1,9.0,path_1,9.0,80.0,0,0,0.0,0.0,0.0,0.0
223,100.00000000004508,path_1,10.0,path_1,10.0,path_1,10.0,path_1,10.0,path_1,10.0,path_1,10.0,path_1,10.0,path_1,10.0,path_1,10.0,path_1,10.0,90.0,0,0,0.0,0.0,0.0,0.0
224,50.00000000002254,path_1,5.0,path_1,5.0,path_1,5.0,path_1,5.0,path_1,5.0,path_1,5.0,path_1,5.0,path_1,5.0,path_1,5.0,path_1,5.0,100.0,0,0,0.0,0.0,0.0,0.0
225,60.00000000002254,path_1,6.0,path_1,6.0,path_1,6.0,path_1,6.0,path_1,6.0,path_1,6.0,path_1,6.0,path_1,6.0,path_1,6.0,path_1,6.0,50.0,0,0,0.0,0.0,0.0,0.0
226,70.00000000002254,path_1,7.0,path_1,7.0,path_1,7.0,path_1,7.0,path_1,7.0,path_1,7.0,path_1,7.0,path_1,7.0,path_1,7.0,path_1,7.0,60.0,0,0,0.0,0.0,0.0,0.0
227,80.00000000002254,path_1,8.0,path_1,8.0,path_1,8.0,path_1,8.0,path_1,8.0,path_1,8.0,path_1,8.0,path_1,8.0,path_1,8.0,path_1,8.0,70.0,0,0,0.0,0.0,0.0,0.0
228,90.00000000002254,path_1,9.0,path_1,9.0,path_1,9.0,path_1,9.0,path_1,9.0,path_1,9.0,path_1,9.0,path_1,9.0,path_1,9.0,path_1,9.0,80.0,0,0,0.0,0.0,0.0,0.0
229,100.00000000002254,path_1,10.0,path_1,10.0,path_1,10.0,path_1,10.0,path_1,10.0,path_1,10.0,path_1,10.0,path_1,10.0,path_1,10.0,path_1,10.0,90.0,0,0,0.0,0.0,0.0,0.0
230,50.00000000001127,path_1,5.0,path_1,5.0,path_1,5.0,path_1,5.0,path_1,5.0,path_1,5.0,path_1,5.0,path_1,5.0,path_1,5.0,path_1,5.0,100.0,0,0,0.0,0.0,0.0,0.0
231,60.00000000001127,path_1,6.0,path_1,6.0,path_1,6.0,path_1,6.0,path_1,6.0,path_1,6.0,path_1,6.0,path_1,6.0,path_1,6.0,path_1,6.0,50.0,0,0,0.0,0.0,0.0,0.0
232,70.00000000001127,path_1,7.0,path_1,7.0,path_1,7.0,path_1,7.0,path_1,7.0,path_1,7.0,path_1,7.0,path_1,7.0,path_1,7.0,path_1,7.0,60.0,0,0,0.0,0.0,0.0,0.0
233,80.00000000001127,path_1,8.0,path_1,8.0,path_1,8.0,path_1,8.0,path_1,8.0,path_1,8.0,path_1,8.0,path_1,8.0,path_1,8.0,path_1,8.0,70.0,0,0,0.0,0.0,0.0,0.0
234,90.00000000001127,path_1,9.0,path_1,9.0,path_1,9.0,path_1,9.0,path_1,9.0,path_1,9.0,path_1,9.0,path_1,9.0,path_1,9.0,path_1,9.0,80.0,0,0,0.0,0.0,0.0,0.0
235,100.00000000001127,path_1,10.0,path_1,10.0,path_1,10.0,path_1,10.0,path_1,10.0,path_1,10.0,path_1,10.0,path_1,10.0,path_1,10.0,path_1,10.0,90.0,0,0,0.0,0.0,0.0,0.0
236,50.000000000005635,path_1,5.0,path_1,5.0,path_1,5.0,path_1,5.0,path_1,5.0,path_1,5.0,path_1,5.0,path_1,5.0,path_1,5.0,path_1,5.0,100.0,0,0,0.0,0.0,0.0,0.0
237,60.000000000005635,path_1,6.0,path_1,6.0,path_1,6.0,path_1,6.0,path_1,6.0,path_1,6.0,path_1,6.0,path_1,6.0,path_1,6.0,path_1,6.0,50.0,0,0,0.0,0.0,0.0,0.0
238,70.00000000000563,path_1,7.0,path_1,7.0,path_1,7.0,path_1,7.0,path_1,7.0,path_1,7.0,path_1,7.0,path_1,7.0,path_1,7.0,path_1,7.0,60.0,0,0,0.0,0.0,0.0,0.0
239,80.00000000000563,path_1,8.0,path_1,8.0,path_1,8.0,path_1,8.0,path_1,8.0,path_1,8.0,path_1,8.0,path_1,8.0,path_1,8.0,path_1,8.0,70.0,0,0,0.0,0.0,0.0,0.0
240,90.00000000000563,path_1,9.0,path_1,9.0,path_1,9.0,path_1,9.0,path_1,9.0,path_1,9.0,path_1,9.0,path_1,9.0,path_1,9.0,path_1,9.0,80.0,0,0,0.0,0.0,0.0,0.0
241,100.00000000000563,path_1,10.0,path_1,10.0,path_1,10.0,path_1,10.0,path_1,10.0,path_1,10.0,path_1,10.0,path_1,10.0,path_1,10.0,path_1,10.0,90.0,0,0,0.0,0.0,0.0,0.0
242,50.000000000002814,path_1,5.0,path_1,5.0,path_1,5.0,path_1,5.0,path_1,5.0,path_1,5.0,path_1,5.0,path_1,5.0,path_1,5.0,path_1,5.0,100.0,0,0,0.0,0.0,0.0,0.0
243,60.000000000002814,path_1,6.0,path_1,6.0,path_1,6.0,path_1,6.0,path_1,6.0,path_1,6.0,path_1,6.0,path_1,6.0,path_1,6.0,path_1,6.0,50.0,0,0,0.0,0.0,0.0,0.0
244,70.00000000000281,path_1,7.0,path_1,7.0,path_1,7.0,path_1,7.0,path_1,7.0,path_1,7.0,path_1,7.0,path_1,7.0,path_1,7.0,path_1,7.0,60.0,0,0,0.0,0.0,0.0,0.0
245,80.00000000000281,path_1,8.0,path_1,8.0,path_1,8.0,path_1,8.0,path_1,8.0,path_1,8.0,path_1,8.0,path_1,8.0,path_1,8.0,path_1,8.0,70.0,0,0,0.0,0.0,0.0,0.0
246,90.00000000000281,path_1,9.0,path_1,9.0,path_1,9.0,path_1,9.0,path_1,9.0,path_1,9.0,path_1,9.0,path_1,9.0,path_1,9.0,path_1,9.0,80.0,0,0,0.0,0.0,0.0,0.0
247,100.00000000000281,path_1,10.0,path_1,10.0,path_1,10.0,path_1,10.0,path_1,10.0,path_1,10.0,path_1,10.0,path_1,10.0,path_1,10.0,path_1,10.0,90.0,0,0,0.0,0.0,0.0,0.0
248,50.00000000000141,path_1,5.0,path_1,5.0,path_1,5.0,path_1,5.0,path_1,5.0,path_1,5.0,path_1,5.0,path_1,5.0,path_1,5.0,path_1,5.0,100.0,0,0,0.0,0.0,0.0,0.0
249,60.00000000000141,path_1,6.0,path_1,6.0,path_1,6.0,path_1,6.0,path_1,6.0,path_1,6.0,path_1,6.0,path_1,6.0,path_1,6.0,path_1,6.0,50.0,0,0,0.0,0.0,0.0,0.0
250,70.0000000000014,path_1,7.0,path_1,7.0,path_1,7.0,path_1,7.0,path_1,7.0,path_1,7.0,path_1,7.0,path_1,7.0,path_1,7.0,path_1,7.0,60.0,0,0,0.0,0.0,0.0,0.0
251,80.0000000000014,path_1,8.0,path_1,8.0,path_1,8.0,path_1,8.0,path_1,8.0,path_1,8.0,path_1,8.0,path_1,8.0,path_1,8.0,path_1,8.0,70.0,0,0,0.0,0.0,0.0,0.0
252,90.0000000000014,path_1,9.0,path_1,9.0,path_1,9.0,path_1,9.0,path_1,9.0,path_1,9.0,path_1,9.0,path_1,9.0,path_1,9.0,path_1,9.0,80.0,0,0,0.0,0.0,0.0,0.0
253,100.0000000000014,path_1,10.0,path_1,10.0,path_1,10.0,path_1,10.0,path_1,10.0,path_1,10.0,path_1,10.0,path_1,10.0,path_1,10.0,path_1,10.0,90.0,0,0,0.0,0.0,0.0,0.0
254,50.0000000000007,path_1,5.0,path_1,5.0,path_1,5.0,path_1,5.0,path_1,5.0,path_1,5.0,path_1,5.0,path_1,5.0,path_1,5.0,path_1,5.0,100.0,0,0,0.0,0.0,0.0,0.0
255,60.0000000000007,path_1,6.0,path_1,6.0,path_1,6.0,path_1,6.0,path_1,6.0,path_1,6.0,path_1,6.0,path_1,6.0,path_1,6.0,path_1,6.0,50.0,0,0,0.0,0.0,0.0,0.0
256,70.00000000000071,path_1,7.0,path_1,7.0,path_1,7.0,path_1,7.0,path_1,7.0,path_1,7.0,path_1,7.0,path_1,7.0,path_1,7.0,path_1,7.0,60.0,0,0,0.0,0.0,0.0,0.0
257,80.00000000000071,path_1,8.0,path_1,8.0,path_1,8.0,path_1,8.0,path_1,8.0,path_1,8.0,path_1,8.0,path_1,8.0,path_1,8.0,path_1,8.0,70.0,0,0,0.0,0.0,0.0,0.0
258,90.00000000000071,path_1,9.0,path_1,9.0,path_1,9.0,path_1,9.0,path_1,9.0,path_1,9.0,path_1,9.0,path_1,9.0,path_1,9.0,path_1,9.0,80.0,0,0,0.0,0.0,0.0,0.0
259,100.00000000000071,path_1,10.0,path_1,10.0,path_1,10.0,path_1,10.0,path_1,10.0,path_1,10.0,path_1,10.0,path_1,10.0,path_1,10.0,path_1,10.0,90.0,0,0,0.0,0.0,0.0,0.0
260,50.000000000000355,path_1,5.0,path_1,5.0,path_1,5.0,path_1,5.0,path_1,5.0,path_1,5.0,path_1,5.0,path_1,5.0,path_1,5.0,path_1,5.0,100.0,0,0,0.0,0.0,0.0,0.0
261,60.000000000000355,path_1,6.0,path_1,6.0,path_1,6.0,path_1,6.0,path_1,6.0,path_1,6.0,path_1,6.0,path_1,6.0,path_1,6.0,path_1,6.0,50.0,0,0,0.0,0.0,0.0,0.0
262,70.00000000000036,path_1,7.0,path_1,7.0,path_1,7.0,path_1,7.0,path_1,7.0,path_1,7.0,path_1,7.0,path_1,7.0,path_1,7.0,path_1,7.0,60.0,0,0,0.0,0.0,0.0,0.0
263,80.00000000000036,path_1,8.0,path_1,8.0,path_1,8.0,path_1,8.0,path_1,8.0,path_1,8.0,path_1,8.0,path_1,8.0,path_1,8.0,path_1,8.0,70.0,0,0,0.0,0.0,0.0,0.0
264,90.00000000000036,path_1,9.0,path_1,9.0,path_1,9.0,path_1,9.0,path_1,9.0,path_1,9.0,path_1,9.0,path_1,9.0,path_1,9.0,path_1,9.0,80.0,0,0,0.0,0.0,0.0,0.0
265,100.00000000000036,path_1,10.0,path_1,10.0,path_1,10.0,path_1,10.0,path_1,10.0,path_1,10.0,path_1,10.0,path_1,10.0,path_1,10.0,path_1,10.0,90.0,0,0,0.0,0.0,0.0,0.0
266,50.00000000000018,path_1,5.0,path_1,5.0,path_1,5.0,path_1,5.0,path_1,5.0,path_1,5.0,path_1,5.0,path_1,5.0,path_1,5.0,path_1,5.0,100.0,0,0,0.0,0.0,0.0,0.0
267,60.00000000000018,path_1,6.0,path_1,6.0,path_1,6.0,path_1,6.0,path_1,6.0,path_1,6.0,path_1,6.0,path_1,6.0,path_1,6.0,path_1,6.0,50.0,0,0,0.0,0.0,0.0,0.0
268,70.00000000000017,path_1,7.0,path_1,7.0,path_1,7.0,path_1,7.0,path_1,7.0,path_1,7.0,path_1,7.0,path_1,7.0,path_1,7.0,path_1,7.0,60.0,0,0,0.0,0.0,0.0,0.0
269,80.00000000000017,path_1,8.0,path_1,8.0,path_1,8.0,path_1,8.0,path_1,8.0,path_1,8.0,path_1,8.0,path_1,8.0,path_1,8.0,path_1,8.0,70.0,0,0,0.0,0.0,0.0,0.0
270,90.00000000000017,path_1,9.0,path_1,9.0,path_1,9.0,path_1,9.0,path_1,9.0,path_1,9.0,path_1,9.0,path_1,9.0,path_1,9.0,path_1,9.0,80.0,0,0,0.0,0.0,0.0,0.0
271,100.00000000000017,path_1,10.0,path_1,10.0,path_1,10.0,path_1,10.0,path_1,10.0,path_1,10.0,path_1,10.0,path_1,10.0,path_1,10.0,path_1,10.0,90.0,0,0,0.0,0.0,0.0,0.0
272,50.000000000000085,path_1,5.0,path_1,5.0,path_1,5.0,path_1,5.0,path_1,5.0,path_1,5.0,path_1,5.0,path_1,5.0,path_1,5.0,path_1,5.0,100.0,0,0,0.0,0.0,0.0,0.0
273,60.000000000000085,path_1,6.0,path_1,6.0,path_1,6.0,path_1,6.0,path_1,6.0,path_1,6.0,path_1,6.0,path_1,6.0,path_1,6.0,path_1,6.0,50.0,0,0,0.0,0.0,0.0,0.0
274,70.00000000000009,path_1,7.0,path_1,7.0,path_1,7.0,path_1,7.0,path_1,7.0,path_1,7.0,path_1,7.0,path_1,7.0,path_1,7.0,path_1,7.0,60.0,0,0,0.0,0.0,0.0,0.0
275,80.00000000000009,path_1,8.0,path_1,8.0,path_1,8.0,path_1,8.0,path_1,8.0,path_1,8.0,path_1,8.0,path_1,8.0,path_1,8.0,path_1,8.0,70.0,0,0,0.0,0.0,0.0,0.0
276,90.00000000000009,path_1,9.0,path_1,9.0,path_1,9.0,path_1,9.0,path_1,9.0,path_1,9.0,path_1,9.0,path_1,9.0,path_1,9.0,path_1,9.0,80.0,0,0,0.0,0.0,0.0,0.0
277,100.00000000000009,path_1,10.0,path_1,10.0,path_1,10.0,path_1,10.0,path_1,10.0,path_1,10.0,path_1,10.0,path_1,10.0,path_1,10.0,path_1,10.0,90.0,0,0,0.0,0.0,0.0,0.0
278,50.00000000000004,path_1,5.0,path_1,5.0,path_1,5.0,path_1,5.0,path_1,5.0,path_1,5.0,path_1,5.0,path_1,5.0,path_1,5.0,path_1,5.0,100.0,0,0,0.0,0.0,0.0,0.0
279,60.00000000000004,path_1,6.0,path_1,6.0,path_1,6.0,path_1,6.0,path_1,6.0,path_1,6.0,path_1,6.0,path_1,6.0,path_1,6.0,path_1,6.0,50.0,0,0,0.0,0.0,0.0,0.0
280,70.00000000000004,path_1,7.0,path_1,7.0,path_1,7.0,path_1,7.0,path_1,7.0,path_1,7.0,path_1,7.0,path_1,7.0,path_1,7.0,path_1,7.0,60.0,0,0,0.0,0.0,0.0,0.0
281,80.00000000000004,path_1,8.0,path_1,8.0,path_1,8.0,path_1,8.0,path_1,8.0,path_1,8.0,path_1,8.0,path_1,8.0,path_1,8.0,path_1,8.0,70.0,0,0,0.0,0.0,0.0,0.0
282,90.00000000000004,path_1,9.0,path_1,9.0,path_1,9.0,path_1,9.0,path_1,9.0,path_1,9.0,path_1,9.0,path_1,9.0,path_1,9.0,path_1,9.0,80.0,0,0,0.0,0.0,0.0,0.0
283,100.00000000000004,path_1,10.0,path_1,10.0,path_1,10.0,path_1,10.0,path_1,10.0,path_1,10.0,path_1,10.0,path_1,10.0,path_1,10.0,path_1,10.0,90.0,0,0,0.0,0.0,0.0,0.0
284,50.00000000000002,path_1,5.0,path_1,5.0,path_1,5.0,path_1,5.0,path_1,5.0,path_1,5.0,path_1,5.0,path_1,5.0,path_1,5.0,path_1,5.0,100.0,0,0,0.0,0.0,0.0,0.0
285,60.00000000000002,path_1,6.0,path_1,6.0,path_1,6.0,path_1,6.0,path_1,6.0,path_1,6.0,path_1,6.0,path_1,6.0,path_1,6.0,path_1,6.0,50.0,0,0,0.0,0.0,0.0,0.0
286,70.00000000000003,path_1,7.0,path_1,7.0,path_1,7.0,path_1,7.0,path_1,7.0,path_1,7.0,path_1,7.0,path_1,7.0,path_1,7.0,path_1,7.0,60.0,0,0,0.0,0.0,0.0,0.0
287,80.00000000000003,path_1,8.0,path_1,8.0,path_1,8.0,path_1,8.0,path_1,8.0,path_1,8.0,path_1,8.0,path_1,8.0,path_1,8.0,path_1,8.0,70.0,0,0,0.0,0.0,0.0,0.0
288,90.00000000000003,path_1,9.0,path_1,9.0,path_1,9.0,path_1,9.0,path_1,9.0,path_1,9.0,path_1,9.0,path_1,9.0,path_1,9.0,path_1,9.0,80.0,0,0,0.0,0.0,0.0,0.0
289,100.00000000000003,path_1,10.0,path_1,10.0,path_1,10.0,path_1,10.0,path_1,10.0,path_1,10.0,path_1,10.0,path_1,10.0,path_1,10.0,path_1,10.0,90.0,0,0,0.0,0.0,0.0,0.0
290,50.000000000000014,path_1,5.0,path_1,5.0,path_1,5.0,path_1,5.0,path_1,5.0,path_1,5.0,path_1,5.0,path_1,5.0,path_1,5.0,path_1,5.0,100.0,0,0,0.0,0.0,0.0,0.0
291,60.000000000000014,path_1,6.0,path_1,6.0,path_1,6.0,path_1,6.0,path_1,6.0,path_1,6.0,path_1,6.0,path_1,6.0,path_1,6.0,path_1,6.0,50.0,0,0,0.0,0.0,0.0,0.0
292,70.00000000000001,path_1,7.0,path_1,7.0,path_1,7.0,path_1,7.0,path_1,7.0,path_1,7.0,path_1,7.0,path_1,7.0,path_1,7.0,path_1,7.0,60.0,0,0,0.0,0.0,0.0,0.0
293,80.00000000000001,path_1,8.0,path_1,8.0,path_1,8.0,path_1,8.0,path_1,8.0,path_1,8.0,path_1,8.0,path_1,8.0,path_1,8.0,path_1,8.0,70.0,0,0,0.0,0.0,0.0,0.0
294,90.00000000000001,path_1,9.0,path_1,9.0,path_1,9.0,path_1,9.0,path_1,9.0,path_1,9.0,path_1,9.0,path_1,9.0,path_1,9.0,path_1,9.0,80.0,0,0,0.0,0.0,0.0,0.0
295,100.00000000000001,path_1,10.0,path_1,10.0,path_1,10.0,path_1,10.0,path_1,10.0,path_1,10.0,path_1,10.0,path_1,10.0,path_1,10.0,path_1,10.0,90.0,0,0,0.0,0.0,0.0,0.0
296,50.00000000000001,path_1,5.0,path_1,5.0,path_1,5.0,path_1,5.0,path_1,5.0,path_1,5.0,path_1,5.0,path_1,5.0,path_1,5.0,path_1,5.0,100.0,0,0,0.0,0.0,0.0,0.0
297,60.00000000000001,path_1,6.0,path_1,6.0,path_1,6.0,path_1,6.0,path_1,6.0,path_1,6.0,path_1,6.0,path_1,6.0,path_1,6.0,path_1,6.0,50.0,0,0,0.0,0.0,0.0,0.0
298,70.0,path_1,7.0,path_1,7.0,path_1,7.0,path_1,7.0,path_1,7.0,path_1,7.0,path_1,7.0,path_1,7.0,path_1,7.0,path_1,7.0,60.0,0,0,0.0,0.0,0.0,0.0
299,80.0,path_1,8.0,path_1,8.0,path_1,8.0,path_1,8.0,path_1,8.0,path_1,8.0,path_1,8.0,path_1,8.0,path_1,8.0,path_1,8.0,70.0,0,0,0.0,0.0,0.0,0.0
