timestep,total_throughput,agent_0_path,agent_0_cwnd,agent_1_path,agent_1_cwnd,agent_2_path,agent_2_cwnd,agent_3_path,agent_3_cwnd,agent_4_path,agent_4_cwnd,agent_5_path,agent_5_cwnd,agent_6_path,agent_6_cwnd,agent_7_path,agent_7_cwnd,agent_8_path,agent_8_cwnd,agent_9_path,agent_9_cwnd,path_1_load,path_2_load,path_3_load
0,24.337247891507083,path_1,2.0,path_1,2.16,path_1,2.18,path_1,3.89,path_1,2.0,path_1,2.09,path_1,4.02,path_1,2.0,path_1,2.0,path_1,2.0,9.34,4.59,9.04
1,34.33724789150708,path_1,3.0,path_1,3.16,path_1,3.18,path_1,4.89,path_1,3.0,path_1,3.09,path_1,5.02,path_1,3.0,path_1,3.0,path_1,3.0,24.34,0,0
2,44.33724789150708,path_1,4.0,path_1,4.16,path_1,4.18,path_1,5.89,path_1,4.0,path_1,4.09,path_1,6.02,path_1,4.0,path_1,4.0,path_1,4.0,34.34,0,0
3,54.33724789150708,path_1,5.0,path_1,5.16,path_1,5.18,path_1,6.89,path_1,5.0,path_1,5.09,path_1,7.02,path_1,5.0,path_1,5.0,path_1,5.0,44.34,0,0
4,64.33724789150709,path_1,6.0,path_1,6.16,path_1,6.18,path_1,7.89,path_1,6.0,path_1,6.09,path_1,8.02,path_1,6.0,path_1,6.0,path_1,6.0,54.34,0,0
5,74.33724789150709,path_1,7.0,path_1,7.16,path_1,7.18,path_1,8.89,path_1,7.0,path_1,7.09,path_1,9.02,path_1,7.0,path_1,7.0,path_1,7.0,64.34,0,0
6,84.33724789150709,path_1,8.0,path_1,8.16,path_1,8.18,path_1,9.89,path_1,8.0,path_1,8.09,path_1,10.02,path_1,8.0,path_1,8.0,path_1,8.0,74.34,0,0
7,94.33724789150709,path_1,9.0,path_1,9.16,path_1,9.18,path_1,10.89,path_1,9.0,path_1,9.09,path_1,11.02,path_1,9.0,path_1,9.0,path_1,9.0,84.34,0,0
8,104.33724789150709,path_1,10.0,path_1,10.16,path_1,10.18,path_1,11.89,path_1,10.0,path_1,10.09,path_1,12.02,path_1,10.0,path_1,10.0,path_1,10.0,94.34,0,0
9,52.168623945753545,path_1,5.0,path_1,5.08,path_1,5.09,path_1,5.94,path_1,5.0,path_1,5.04,path_1,6.01,path_1,5.0,path_1,5.0,path_1,5.0,104.34,0,0
10,62.168623945753545,path_1,6.0,path_1,6.08,path_1,6.09,path_1,6.94,path_1,6.0,path_1,6.04,path_1,7.01,path_1,6.0,path_1,6.0,path_1,6.0,52.17,0,0
11,72.16862394575354,path_1,7.0,path_1,7.08,path_1,7.09,path_1,7.94,path_1,7.0,path_1,7.04,path_1,8.01,path_1,7.0,path_1,7.0,path_1,7.0,62.17,0,0
12,82.16862394575354,path_1,8.0,path_1,8.08,path_1,8.09,path_1,8.94,path_1,8.0,path_1,8.04,path_1,9.01,path_1,8.0,path_1,8.0,path_1,8.0,72.17,0,0
13,92.16862394575354,path_1,9.0,path_1,9.08,path_1,9.09,path_1,9.94,path_1,9.0,path_1,9.04,path_1,10.01,path_1,9.0,path_1,9.0,path_1,9.0,82.17,0,0
14,102.16862394575354,path_1,10.0,path_1,10.08,path_1,10.09,path_1,10.94,path_1,10.0,path_1,10.04,path_1,11.01,path_1,10.0,path_1,10.0,path_1,10.0,92.17,0,0
15,51.08431197287677,path_1,5.0,path_1,5.04,path_1,5.04,path_1,5.47,path_1,5.0,path_1,5.02,path_1,5.51,path_1,5.0,path_1,5.0,path_1,5.0,102.17,0,0
16,61.08431197287677,path_1,6.0,path_1,6.04,path_1,6.04,path_1,6.47,path_1,6.0,path_1,6.02,path_1,6.51,path_1,6.0,path_1,6.0,path_1,6.0,51.08,0,0
17,71.08431197287678,path_1,7.0,path_1,7.04,path_1,7.04,path_1,7.47,path_1,7.0,path_1,7.02,path_1,7.51,path_1,7.0,path_1,7.0,path_1,7.0,61.08,0,0
18,81.08431197287678,path_1,8.0,path_1,8.04,path_1,8.04,path_1,8.47,path_1,8.0,path_1,8.02,path_1,8.51,path_1,8.0,path_1,8.0,path_1,8.0,71.08,0,0
19,91.08431197287678,path_1,9.0,path_1,9.04,path_1,9.04,path_1,9.47,path_1,9.0,path_1,9.02,path_1,9.51,path_1,9.0,path_1,9.0,path_1,9.0,81.08,0,0
20,101.08431197287678,path_1,10.0,path_1,10.04,path_1,10.04,path_1,10.47,path_1,10.0,path_1,10.02,path_1,10.51,path_1,10.0,path_1,10.0,path_1,10.0,91.08,0,0
21,50.54215598643839,path_1,5.0,path_1,5.02,path_1,5.02,path_1,5.24,path_1,5.0,path_1,5.01,path_1,5.25,path_1,5.0,path_1,5.0,path_1,5.0,101.08,0,0
22,60.54215598643839,path_1,6.0,path_1,6.02,path_1,6.02,path_1,6.24,path_1,6.0,path_1,6.01,path_1,6.25,path_1,6.0,path_1,6.0,path_1,6.0,50.54,0,0
23,70.54215598643839,path_1,7.0,path_1,7.02,path_1,7.02,path_1,7.24,path_1,7.0,path_1,7.01,path_1,7.25,path_1,7.0,path_1,7.0,path_1,7.0,60.54,0,0
24,80.54215598643839,path_1,8.0,path_1,8.02,path_1,8.02,path_1,8.24,path_1,8.0,path_1,8.01,path_1,8.25,path_1,8.0,path_1,8.0,path_1,8.0,70.54,0,0
25,90.54215598643839,path_1,9.0,path_1,9.02,path_1,9.02,path_1,9.24,path_1,9.0,path_1,9.01,path_1,9.25,path_1,9.0,path_1,9.0,path_1,9.0,80.54,0,0
26,100.54215598643839,path_1,10.0,path_1,10.02,path_1,10.02,path_1,10.24,path_1,10.0,path_1,10.01,path_1,10.25,path_1,10.0,path_1,10.0,path_1,10.0,90.54,0,0
27,50.271077993219194,path_1,5.0,path_1,5.01,path_1,5.01,path_1,5.12,path_1,5.0,path_1,5.01,path_1,5.13,path_1,5.0,path_1,5.0,path_1,5.0,100.54,0,0
28,60.271077993219194,path_1,6.0,path_1,6.01,path_1,6.01,path_1,6.12,path_1,6.0,path_1,6.01,path_1,6.13,path_1,6.0,path_1,6.0,path_1,6.0,50.27,0,0
29,70.2710779932192,path_1,7.0,path_1,7.01,path_1,7.01,path_1,7.12,path_1,7.0,path_1,7.01,path_1,7.13,path_1,7.0,path_1,7.0,path_1,7.0,60.27,0,0
30,80.2710779932192,path_1,8.0,path_1,8.01,path_1,8.01,path_1,8.12,path_1,8.0,path_1,8.01,path_1,8.13,path_1,8.0,path_1,8.0,path_1,8.0,70.27,0,0
31,90.2710779932192,path_1,9.0,path_1,9.01,path_1,9.01,path_1,9.12,path_1,9.0,path_1,9.01,path_1,9.13,path_1,9.0,path_1,9.0,path_1,9.0,80.27,0,0
32,100.2710779932192,path_1,10.0,path_1,10.01,path_1,10.01,path_1,10.12,path_1,10.0,path_1,10.01,path_1,10.13,path_1,10.0,path_1,10.0,path_1,10.0,90.27,0,0
33,50.1355389966096,path_1,5.0,path_1,5.01,path_1,5.01,path_1,5.06,path_1,5.0,path_1,5.0,path_1,5.06,path_1,5.0,path_1,5.0,path_1,5.0,100.27,0,0
34,60.1355389966096,path_1,6.0,path_1,6.01,path_1,6.01,path_1,6.06,path_1,6.0,path_1,6.0,path_1,6.06,path_1,6.0,path_1,6.0,path_1,6.0,50.14,0,0
35,70.1355389966096,path_1,7.0,path_1,7.01,path_1,7.01,path_1,7.06,path_1,7.0,path_1,7.0,path_1,7.06,path_1,7.0,path_1,7.0,path_1,7.0,60.14,0,0
36,80.1355389966096,path_1,8.0,path_1,8.01,path_1,8.01,path_1,8.06,path_1,8.0,path_1,8.0,path_1,8.06,path_1,8.0,path_1,8.0,path_1,8.0,70.14,0,0
37,90.1355389966096,path_1,9.0,path_1,9.01,path_1,9.01,path_1,9.06,path_1,9.0,path_1,9.0,path_1,9.06,path_1,9.0,path_1,9.0,path_1,9.0,80.14,0,0
38,100.1355389966096,path_1,10.0,path_1,10.01,path_1,10.01,path_1,10.06,path_1,10.0,path_1,10.0,path_1,10.06,path_1,10.0,path_1,10.0,path_1,10.0,90.14,0,0
39,50.0677694983048,path_1,5.0,path_1,5.0,path_1,5.0,path_1,5.03,path_1,5.0,path_1,5.0,path_1,5.03,path_1,5.0,path_1,5.0,path_1,5.0,100.14,0,0
40,60.0677694983048,path_1,6.0,path_1,6.0,path_1,6.0,path_1,6.03,path_1,6.0,path_1,6.0,path_1,6.03,path_1,6.0,path_1,6.0,path_1,6.0,50.07,0,0
41,70.0677694983048,path_1,7.0,path_1,7.0,path_1,7.0,path_1,7.03,path_1,7.0,path_1,7.0,path_1,7.03,path_1,7.0,path_1,7.0,path_1,7.0,60.07,0,0
42,80.0677694983048,path_1,8.0,path_1,8.0,path_1,8.0,path_1,8.03,path_1,8.0,path_1,8.0,path_1,8.03,path_1,8.0,path_1,8.0,path_1,8.0,70.07,0,0
43,90.0677694983048,path_1,9.0,path_1,9.0,path_1,9.0,path_1,9.03,path_1,9.0,path_1,9.0,path_1,9.03,path_1,9.0,path_1,9.0,path_1,9.0,80.07,0,0
44,100.0677694983048,path_1,10.0,path_1,10.0,path_1,10.0,path_1,10.03,path_1,10.0,path_1,10.0,path_1,10.03,path_1,10.0,path_1,10.0,path_1,10.0,90.07,0,0
45,50.0338847491524,path_1,5.0,path_1,5.0,path_1,5.0,path_1,5.01,path_1,5.0,path_1,5.0,path_1,5.02,path_1,5.0,path_1,5.0,path_1,5.0,100.07,0,0
46,60.0338847491524,path_1,6.0,path_1,6.0,path_1,6.0,path_1,6.01,path_1,6.0,path_1,6.0,path_1,6.02,path_1,6.0,path_1,6.0,path_1,6.0,50.03,0,0
47,70.0338847491524,path_1,7.0,path_1,7.0,path_1,7.0,path_1,7.01,path_1,7.0,path_1,7.0,path_1,7.02,path_1,7.0,path_1,7.0,path_1,7.0,60.03,0,0
48,80.0338847491524,path_1,8.0,path_1,8.0,path_1,8.0,path_1,8.01,path_1,8.0,path_1,8.0,path_1,8.02,path_1,8.0,path_1,8.0,path_1,8.0,70.03,0,0
49,90.0338847491524,path_1,9.0,path_1,9.0,path_1,9.0,path_1,9.01,path_1,9.0,path_1,9.0,path_1,9.02,path_1,9.0,path_1,9.0,path_1,9.0,80.03,0,0
50,100.0338847491524,path_1,10.0,path_1,10.0,path_1,10.0,path_1,10.01,path_1,10.0,path_1,10.0,path_1,10.02,path_1,10.0,path_1,10.0,path_1,10.0,90.03,0,0
51,50.0169423745762,path_1,5.0,path_1,5.0,path_1,5.0,path_1,5.01,path_1,5.0,path_1,5.0,path_1,5.01,path_1,5.0,path_1,5.0,path_1,5.0,100.03,0,0
52,60.0169423745762,path_1,6.0,path_1,6.0,path_1,6.0,path_1,6.01,path_1,6.0,path_1,6.0,path_1,6.01,path_1,6.0,path_1,6.0,path_1,6.0,50.02,0,0
53,70.0169423745762,path_1,7.0,path_1,7.0,path_1,7.0,path_1,7.01,path_1,7.0,path_1,7.0,path_1,7.01,path_1,7.0,path_1,7.0,path_1,7.0,60.02,0,0
54,80.0169423745762,path_1,8.0,path_1,8.0,path_1,8.0,path_1,8.01,path_1,8.0,path_1,8.0,path_1,8.01,path_1,8.0,path_1,8.0,path_1,8.0,70.02,0,0
55,90.0169423745762,path_1,9.0,path_1,9.0,path_1,9.0,path_1,9.01,path_1,9.0,path_1,9.0,path_1,9.01,path_1,9.0,path_1,9.0,path_1,9.0,80.02,0,0
56,100.0169423745762,path_1,10.0,path_1,10.0,path_1,10.0,path_1,10.01,path_1,10.0,path_1,10.0,path_1,10.01,path_1,10.0,path_1,10.0,path_1,10.0,90.02,0,0
57,50.0084711872881,path_1,5.0,path_1,5.0,path_1,5.0,path_1,5.0,path_1,5.0,path_1,5.0,path_1,5.0,path_1,5.0,path_1,5.0,path_1,5.0,100.02,0,0
58,60.0084711872881,path_1,6.0,path_1,6.0,path_1,6.0,path_1,6.0,path_1,6.0,path_1,6.0,path_1,6.0,path_1,6.0,path_1,6.0,path_1,6.0,50.01,0,0
59,70.00847118728811,path_1,7.0,path_1,7.0,path_1,7.0,path_1,7.0,path_1,7.0,path_1,7.0,path_1,7.0,path_1,7.0,path_1,7.0,path_1,7.0,60.01,0,0
60,80.00847118728811,path_1,8.0,path_1,8.0,path_1,8.0,path_1,8.0,path_1,8.0,path_1,8.0,path_1,8.0,path_1,8.0,path_1,8.0,path_1,8.0,70.01,0,0
61,90.00847118728811,path_1,9.0,path_1,9.0,path_1,9.0,path_1,9.0,path_1,9.0,path_1,9.0,path_1,9.0,path_1,9.0,path_1,9.0,path_1,9.0,80.01,0,0
62,100.00847118728811,path_1,10.0,path_1,10.0,path_1,10.0,path_1,10.0,path_1,10.0,path_1,10.0,path_1,10.0,path_1,10.0,path_1,10.0,path_1,10.0,90.01,0,0
63,50.004235593644054,path_1,5.0,path_1,5.0,path_1,5.0,path_1,5.0,path_1,5.0,path_1,5.0,path_1,5.0,path_1,5.0,path_1,5.0,path_1,5.0,100.01,0,0
64,60.004235593644054,path_1,6.0,path_1,6.0,path_1,6.0,path_1,6.0,path_1,6.0,path_1,6.0,path_1,6.0,path_1,6.0,path_1,6.0,path_1,6.0,50.0,0,0
65,70.00423559364405,path_1,7.0,path_1,7.0,path_1,7.0,path_1,7.0,path_1,7.0,path_1,7.0,path_1,7.0,path_1,7.0,path_1,7.0,path_1,7.0,60.0,0,0
66,80.00423559364405,path_1,8.0,path_1,8.0,path_1,8.0,path_1,8.0,path_1,8.0,path_1,8.0,path_1,8.0,path_1,8.0,path_1,8.0,path_1,8.0,70.0,0,0
67,90.00423559364405,path_1,9.0,path_1,9.0,path_1,9.0,path_1,9.0,path_1,9.0,path_1,9.0,path_1,9.0,path_1,9.0,path_1,9.0,path_1,9.0,80.0,0,0
68,100.00423559364405,path_1,10.0,path_1,10.0,path_1,10.0,path_1,10.0,path_1,10.0,path_1,10.0,path_1,10.0,path_1,10.0,path_1,10.0,path_1,10.0,90.0,0,0
69,50.00211779682203,path_1,5.0,path_1,5.0,path_1,5.0,path_1,5.0,path_1,5.0,path_1,5.0,path_1,5.0,path_1,5.0,path_1,5.0,path_1,5.0,100.0,0,0
70,60.00211779682203,path_1,6.0,path_1,6.0,path_1,6.0,path_1,6.0,path_1,6.0,path_1,6.0,path_1,6.0,path_1,6.0,path_1,6.0,path_1,6.0,50.0,0,0
71,70.00211779682202,path_1,7.0,path_1,7.0,path_1,7.0,path_1,7.0,path_1,7.0,path_1,7.0,path_1,7.0,path_1,7.0,path_1,7.0,path_1,7.0,60.0,0,0
72,80.00211779682203,path_1,8.0,path_1,8.0,path_1,8.0,path_1,8.0,path_1,8.0,path_1,8.0,path_1,8.0,path_1,8.0,path_1,8.0,path_1,8.0,70.0,0,0
73,90.00211779682203,path_1,9.0,path_1,9.0,path_1,9.0,path_1,9.0,path_1,9.0,path_1,9.0,path_1,9.0,path_1,9.0,path_1,9.0,path_1,9.0,80.0,0,0
74,100.00211779682203,path_1,10.0,path_1,10.0,path_1,10.0,path_1,10.0,path_1,10.0,path_1,10.0,path_1,10.0,path_1,10.0,path_1,10.0,path_1,10.0,90.0,0,0
75,50.00105889841102,path_1,5.0,path_1,5.0,path_1,5.0,path_1,5.0,path_1,5.0,path_1,5.0,path_1,5.0,path_1,5.0,path_1,5.0,path_1,5.0,100.0,0,0
76,60.00105889841102,path_1,6.0,path_1,6.0,path_1,6.0,path_1,6.0,path_1,6.0,path_1,6.0,path_1,6.0,path_1,6.0,path_1,6.0,path_1,6.0,50.0,0,0
77,70.00105889841102,path_1,7.0,path_1,7.0,path_1,7.0,path_1,7.0,path_1,7.0,path_1,7.0,path_1,7.0,path_1,7.0,path_1,7.0,path_1,7.0,60.0,0,0
78,80.00105889841102,path_1,8.0,path_1,8.0,path_1,8.0,path_1,8.0,path_1,8.0,path_1,8.0,path_1,8.0,path_1,8.0,path_1,8.0,path_1,8.0,70.0,0,0
79,90.00105889841102,path_1,9.0,path_1,9.0,path_1,9.0,path_1,9.0,path_1,9.0,path_1,9.0,path_1,9.0,path_1,9.0,path_1,9.0,path_1,9.0,80.0,0,0
80,100.00105889841102,path_1,10.0,path_1,10.0,path_1,10.0,path_1,10.0,path_1,10.0,path_1,10.0,path_1,10.0,path_1,10.0,path_1,10.0,path_1,10.0,90.0,0,0
81,50.00052944920551,path_1,5.0,path_1,5.0,path_1,5.0,path_1,5.0,path_1,5.0,path_1,5.0,path_1,5.0,path_1,5.0,path_1,5.0,path_1,5.0,100.0,0,0
82,60.00052944920551,path_1,6.0,path_1,6.0,path_1,6.0,path_1,6.0,path_1,6.0,path_1,6.0,path_1,6.0,path_1,6.0,path_1,6.0,path_1,6.0,50.0,0,0
83,70.0005294492055,path_1,7.0,path_1,7.0,path_1,7.0,path_1,7.0,path_1,7.0,path_1,7.0,path_1,7.0,path_1,7.0,path_1,7.0,path_1,7.0,60.0,0,0
84,80.0005294492055,path_1,8.0,path_1,8.0,path_1,8.0,path_1,8.0,path_1,8.0,path_1,8.0,path_1,8.0,path_1,8.0,path_1,8.0,path_1,8.0,70.0,0,0
85,90.0005294492055,path_1,9.0,path_1,9.0,path_1,9.0,path_1,9.0,path_1,9.0,path_1,9.0,path_1,9.0,path_1,9.0,path_1,9.0,path_1,9.0,80.0,0,0
86,100.0005294492055,path_1,10.0,path_1,10.0,path_1,10.0,path_1,10.0,path_1,10.0,path_1,10.0,path_1,10.0,path_1,10.0,path_1,10.0,path_1,10.0,90.0,0,0
87,50.00026472460275,path_1,5.0,path_1,5.0,path_1,5.0,path_1,5.0,path_1,5.0,path_1,5.0,path_1,5.0,path_1,5.0,path_1,5.0,path_1,5.0,100.0,0,0
88,60.00026472460275,path_1,6.0,path_1,6.0,path_1,6.0,path_1,6.0,path_1,6.0,path_1,6.0,path_1,6.0,path_1,6.0,path_1,6.0,path_1,6.0,50.0,0,0
89,70.00026472460276,path_1,7.0,path_1,7.0,path_1,7.0,path_1,7.0,path_1,7.0,path_1,7.0,path_1,7.0,path_1,7.0,path_1,7.0,path_1,7.0,60.0,0,0
90,80.00026472460276,path_1,8.0,path_1,8.0,path_1,8.0,path_1,8.0,path_1,8.0,path_1,8.0,path_1,8.0,path_1,8.0,path_1,8.0,path_1,8.0,70.0,0,0
91,90.00026472460276,path_1,9.0,path_1,9.0,path_1,9.0,path_1,9.0,path_1,9.0,path_1,9.0,path_1,9.0,path_1,9.0,path_1,9.0,path_1,9.0,80.0,0,0
92,100.00026472460276,path_1,10.0,path_1,10.0,path_1,10.0,path_1,10.0,path_1,10.0,path_1,10.0,path_1,10.0,path_1,10.0,path_1,10.0,path_1,10.0,90.0,0,0
93,50.00013236230138,path_1,5.0,path_1,5.0,path_1,5.0,path_1,5.0,path_1,5.0,path_1,5.0,path_1,5.0,path_1,5.0,path_1,5.0,path_1,5.0,100.0,0,0
94,60.00013236230138,path_1,6.0,path_1,6.0,path_1,6.0,path_1,6.0,path_1,6.0,path_1,6.0,path_1,6.0,path_1,6.0,path_1,6.0,path_1,6.0,50.0,0,0
95,70.00013236230137,path_1,7.0,path_1,7.0,path_1,7.0,path_1,7.0,path_1,7.0,path_1,7.0,path_1,7.0,path_1,7.0,path_1,7.0,path_1,7.0,60.0,0,0
96,80.00013236230137,path_1,8.0,path_1,8.0,path_1,8.0,path_1,8.0,path_1,8.0,path_1,8.0,path_1,8.0,path_1,8.0,path_1,8.0,path_1,8.0,70.0,0,0
97,90.00013236230137,path_1,9.0,path_1,9.0,path_1,9.0,path_1,9.0,path_1,9.0,path_1,9.0,path_1,9.0,path_1,9.0,path_1,9.0,path_1,9.0,80.0,0,0
98,100.00013236230137,path_1,10.0,path_1,10.0,path_1,10.0,path_1,10.0,path_1,10.0,path_1,10.0,path_1,10.0,path_1,10.0,path_1,10.0,path_1,10.0,90.0,0,0
99,50.000066181150686,path_1,5.0,path_1,5.0,path_1,5.0,path_1,5.0,path_1,5.0,path_1,5.0,path_1,5.0,path_1,5.0,path_1,5.0,path_1,5.0,100.0,0,0
100,60.000066181150686,path_1,6.0,path_1,6.0,path_1,6.0,path_1,6.0,path_1,6.0,path_1,6.0,path_1,6.0,path_1,6.0,path_1,6.0,path_1,6.0,50.0,0,0
101,70.00006618115069,path_1,7.0,path_1,7.0,path_1,7.0,path_1,7.0,path_1,7.0,path_1,7.0,path_1,7.0,path_1,7.0,path_1,7.0,path_1,7.0,60.0,0,0
102,80.00006618115069,path_1,8.0,path_1,8.0,path_1,8.0,path_1,8.0,path_1,8.0,path_1,8.0,path_1,8.0,path_1,8.0,path_1,8.0,path_1,8.0,70.0,0,0
103,90.00006618115069,path_1,9.0,path_1,9.0,path_1,9.0,path_1,9.0,path_1,9.0,path_1,9.0,path_1,9.0,path_1,9.0,path_1,9.0,path_1,9.0,80.0,0,0
104,100.00006618115069,path_1,10.0,path_1,10.0,path_1,10.0,path_1,10.0,path_1,10.0,path_1,10.0,path_1,10.0,path_1,10.0,path_1,10.0,path_1,10.0,90.0,0,0
105,50.00003309057534,path_1,5.0,path_1,5.0,path_1,5.0,path_1,5.0,path_1,5.0,path_1,5.0,path_1,5.0,path_1,5.0,path_1,5.0,path_1,5.0,100.0,0,0
106,60.00003309057534,path_1,6.0,path_1,6.0,path_1,6.0,path_1,6.0,path_1,6.0,path_1,6.0,path_1,6.0,path_1,6.0,path_1,6.0,path_1,6.0,50.0,0,0
107,70.00003309057534,path_1,7.0,path_1,7.0,path_1,7.0,path_1,7.0,path_1,7.0,path_1,7.0,path_1,7.0,path_1,7.0,path_1,7.0,path_1,7.0,60.0,0,0
108,80.00003309057534,path_1,8.0,path_1,8.0,path_1,8.0,path_1,8.0,path_1,8.0,path_1,8.0,path_1,8.0,path_1,8.0,path_1,8.0,path_1,8.0,70.0,0,0
109,90.00003309057534,path_1,9.0,path_1,9.0,path_1,9.0,path_1,9.0,path_1,9.0,path_1,9.0,path_1,9.0,path_1,9.0,path_1,9.0,path_1,9.0,80.0,0,0
110,100.00003309057534,path_1,10.0,path_1,10.0,path_1,10.0,path_1,10.0,path_1,10.0,path_1,10.0,path_1,10.0,path_1,10.0,path_1,10.0,path_1,10.0,90.0,0,0
111,50.00001654528767,path_1,5.0,path_1,5.0,path_1,5.0,path_1,5.0,path_1,5.0,path_1,5.0,path_1,5.0,path_1,5.0,path_1,5.0,path_1,5.0,100.0,0,0
112,60.00001654528767,path_1,6.0,path_1,6.0,path_1,6.0,path_1,6.0,path_1,6.0,path_1,6.0,path_1,6.0,path_1,6.0,path_1,6.0,path_1,6.0,50.0,0,0
113,70.00001654528768,path_1,7.0,path_1,7.0,path_1,7.0,path_1,7.0,path_1,7.0,path_1,7.0,path_1,7.0,path_1,7.0,path_1,7.0,path_1,7.0,60.0,0,0
114,80.00001654528768,path_1,8.0,path_1,8.0,path_1,8.0,path_1,8.0,path_1,8.0,path_1,8.0,path_1,8.0,path_1,8.0,path_1,8.0,path_1,8.0,70.0,0,0
115,90.00001654528768,path_1,9.0,path_1,9.0,path_1,9.0,path_1,9.0,path_1,9.0,path_1,9.0,path_1,9.0,path_1,9.0,path_1,9.0,path_1,9.0,80.0,0,0
116,100.00001654528768,path_1,10.0,path_1,10.0,path_1,10.0,path_1,10.0,path_1,10.0,path_1,10.0,path_1,10.0,path_1,10.0,path_1,10.0,path_1,10.0,90.0,0,0
117,50.00000827264384,path_1,5.0,path_1,5.0,path_1,5.0,path_1,5.0,path_1,5.0,path_1,5.0,path_1,5.0,path_1,5.0,path_1,5.0,path_1,5.0,100.0,0,0
118,60.00000827264384,path_1,6.0,path_1,6.0,path_1,6.0,path_1,6.0,path_1,6.0,path_1,6.0,path_1,6.0,path_1,6.0,path_1,6.0,path_1,6.0,50.0,0,0
119,70.00000827264384,path_1,7.0,path_1,7.0,path_1,7.0,path_1,7.0,path_1,7.0,path_1,7.0,path_1,7.0,path_1,7.0,path_1,7.0,path_1,7.0,60.0,0,0
120,80.00000827264384,path_1,8.0,path_1,8.0,path_1,8.0,path_1,8.0,path_1,8.0,path_1,8.0,path_1,8.0,path_1,8.0,path_1,8.0,path_1,8.0,70.0,0,0
121,90.00000827264384,path_1,9.0,path_1,9.0,path_1,9.0,path_1,9.0,path_1,9.0,path_1,9.0,path_1,9.0,path_1,9.0,path_1,9.0,path_1,9.0,80.0,0,0
122,100.00000827264384,path_1,10.0,path_1,10.0,path_1,10.0,path_1,10.0,path_1,10.0,path_1,10.0,path_1,10.0,path_1,10.0,path_1,10.0,path_1,10.0,90.0,0,0
123,50.00000413632192,path_1,5.0,path_1,5.0,path_1,5.0,path_1,5.0,path_1,5.0,path_1,5.0,path_1,5.0,path_1,5.0,path_1,5.0,path_1,5.0,100.0,0,0
124,60.00000413632192,path_1,6.0,path_1,6.0,path_1,6.0,path_1,6.0,path_1,6.0,path_1,6.0,path_1,6.0,path_1,6.0,path_1,6.0,path_1,6.0,50.0,0,0
125,70.00000413632192,path_1,7.0,path_1,7.0,path_1,7.0,path_1,7.0,path_1,7.0,path_1,7.0,path_1,7.0,path_1,7.0,path_1,7.0,path_1,7.0,60.0,0,0
126,80.00000413632192,path_1,8.0,path_1,8.0,path_1,8.0,path_1,8.0,path_1,8.0,path_1,8.0,path_1,8.0,path_1,8.0,path_1,8.0,path_1,8.0,70.0,0,0
127,90.00000413632192,path_1,9.0,path_1,9.0,path_1,9.0,path_1,9.0,path_1,9.0,path_1,9.0,path_1,9.0,path_1,9.0,path_1,9.0,path_1,9.0,80.0,0,0
128,100.00000413632192,path_1,10.0,path_1,10.0,path_1,10.0,path_1,10.0,path_1,10.0,path_1,10.0,path_1,10.0,path_1,10.0,path_1,10.0,path_1,10.0,90.0,0,0
129,50.00000206816096,path_1,5.0,path_1,5.0,path_1,5.0,path_1,5.0,path_1,5.0,path_1,5.0,path_1,5.0,path_1,5.0,path_1,5.0,path_1,5.0,100.0,0,0
130,60.00000206816096,path_1,6.0,path_1,6.0,path_1,6.0,path_1,6.0,path_1,6.0,path_1,6.0,path_1,6.0,path_1,6.0,path_1,6.0,path_1,6.0,50.0,0,0
131,70.00000206816095,path_1,7.0,path_1,7.0,path_1,7.0,path_1,7.0,path_1,7.0,path_1,7.0,path_1,7.0,path_1,7.0,path_1,7.0,path_1,7.0,60.0,0,0
132,80.00000206816095,path_1,8.0,path_1,8.0,path_1,8.0,path_1,8.0,path_1,8.0,path_1,8.0,path_1,8.0,path_1,8.0,path_1,8.0,path_1,8.0,70.0,0,0
133,90.00000206816095,path_1,9.0,path_1,9.0,path_1,9.0,path_1,9.0,path_1,9.0,path_1,9.0,path_1,9.0,path_1,9.0,path_1,9.0,path_1,9.0,80.0,0,0
134,100.00000206816095,path_1,10.0,path_1,10.0,path_1,10.0,path_1,10.0,path_1,10.0,path_1,10.0,path_1,10.0,path_1,10.0,path_1,10.0,path_1,10.0,90.0,0,0
135,50.000001034080476,path_1,5.0,path_1,5.0,path_1,5.0,path_1,5.0,path_1,5.0,path_1,5.0,path_1,5.0,path_1,5.0,path_1,5.0,path_1,5.0,100.0,0,0
136,60.000001034080476,path_1,6.0,path_1,6.0,path_1,6.0,path_1,6.0,path_1,6.0,path_1,6.0,path_1,6.0,path_1,6.0,path_1,6.0,path_1,6.0,50.0,0,0
137,70.00000103408048,path_1,7.0,path_1,7.0,path_1,7.0,path_1,7.0,path_1,7.0,path_1,7.0,path_1,7.0,path_1,7.0,path_1,7.0,path_1,7.0,60.0,0,0
138,80.00000103408048,path_1,8.0,path_1,8.0,path_1,8.0,path_1,8.0,path_1,8.0,path_1,8.0,path_1,8.0,path_1,8.0,path_1,8.0,path_1,8.0,70.0,0,0
139,90.00000103408048,path_1,9.0,path_1,9.0,path_1,9.0,path_1,9.0,path_1,9.0,path_1,9.0,path_1,9.0,path_1,9.0,path_1,9.0,path_1,9.0,80.0,0,0
140,100.00000103408048,path_1,10.0,path_1,10.0,path_1,10.0,path_1,10.0,path_1,10.0,path_1,10.0,path_1,10.0,path_1,10.0,path_1,10.0,path_1,10.0,90.0,0,0
141,50.00000051704024,path_1,5.0,path_1,5.0,path_1,5.0,path_1,5.0,path_1,5.0,path_1,5.0,path_1,5.0,path_1,5.0,path_1,5.0,path_1,5.0,100.0,0,0
142,60.00000051704024,path_1,6.0,path_1,6.0,path_1,6.0,path_1,6.0,path_1,6.0,path_1,6.0,path_1,6.0,path_1,6.0,path_1,6.0,path_1,6.0,50.0,0,0
143,70.00000051704023,path_1,7.0,path_1,7.0,path_1,7.0,path_1,7.0,path_1,7.0,path_1,7.0,path_1,7.0,path_1,7.0,path_1,7.0,path_1,7.0,60.0,0,0
144,80.00000051704023,path_1,8.0,path_1,8.0,path_1,8.0,path_1,8.0,path_1,8.0,path_1,8.0,path_1,8.0,path_1,8.0,path_1,8.0,path_1,8.0,70.0,0,0
145,90.00000051704023,path_1,9.0,path_1,9.0,path_1,9.0,path_1,9.0,path_1,9.0,path_1,9.0,path_1,9.0,path_1,9.0,path_1,9.0,path_1,9.0,80.0,0,0
146,100.00000051704023,path_1,10.0,path_1,10.0,path_1,10.0,path_1,10.0,path_1,10.0,path_1,10.0,path_1,10.0,path_1,10.0,path_1,10.0,path_1,10.0,90.0,0,0
147,50.00000025852012,path_1,5.0,path_1,5.0,path_1,5.0,path_1,5.0,path_1,5.0,path_1,5.0,path_1,5.0,path_1,5.0,path_1,5.0,path_1,5.0,100.0,0,0
148,60.00000025852012,path_1,6.0,path_1,6.0,path_1,6.0,path_1,6.0,path_1,6.0,path_1,6.0,path_1,6.0,path_1,6.0,path_1,6.0,path_1,6.0,50.0,0,0
149,70.00000025852012,path_1,7.0,path_1,7.0,path_1,7.0,path_1,7.0,path_1,7.0,path_1,7.0,path_1,7.0,path_1,7.0,path_1,7.0,path_1,7.0,60.0,0,0
150,80.00000025852012,path_1,8.0,path_1,8.0,path_1,8.0,path_1,8.0,path_1,8.0,path_1,8.0,path_1,8.0,path_1,8.0,path_1,8.0,path_1,8.0,70.0,0,0
151,90.00000025852012,path_1,9.0,path_1,9.0,path_1,9.0,path_1,9.0,path_1,9.0,path_1,9.0,path_1,9.0,path_1,9.0,path_1,9.0,path_1,9.0,80.0,0,0
152,100.00000025852012,path_1,10.0,path_1,10.0,path_1,10.0,path_1,10.0,path_1,10.0,path_1,10.0,path_1,10.0,path_1,10.0,path_1,10.0,path_1,10.0,90.0,0,0
153,50.00000012926006,path_1,5.0,path_1,5.0,path_1,5.0,path_1,5.0,path_1,5.0,path_1,5.0,path_1,5.0,path_1,5.0,path_1,5.0,path_1,5.0,100.0,0,0
154,60.00000012926006,path_1,6.0,path_1,6.0,path_1,6.0,path_1,6.0,path_1,6.0,path_1,6.0,path_1,6.0,path_1,6.0,path_1,6.0,path_1,6.0,50.0,0,0
155,70.00000012926006,path_1,7.0,path_1,7.0,path_1,7.0,path_1,7.0,path_1,7.0,path_1,7.0,path_1,7.0,path_1,7.0,path_1,7.0,path_1,7.0,60.0,0,0
156,80.00000012926006,path_1,8.0,path_1,8.0,path_1,8.0,path_1,8.0,path_1,8.0,path_1,8.0,path_1,8.0,path_1,8.0,path_1,8.0,path_1,8.0,70.0,0,0
157,90.00000012926006,path_1,9.0,path_1,9.0,path_1,9.0,path_1,9.0,path_1,9.0,path_1,9.0,path_1,9.0,path_1,9.0,path_1,9.0,path_1,9.0,80.0,0,0
158,100.00000012926006,path_1,10.0,path_1,10.0,path_1,10.0,path_1,10.0,path_1,10.0,path_1,10.0,path_1,10.0,path_1,10.0,path_1,10.0,path_1,10.0,90.0,0,0
159,50.00000006463003,path_1,5.0,path_1,5.0,path_1,5.0,path_1,5.0,path_1,5.0,path_1,5.0,path_1,5.0,path_1,5.0,path_1,5.0,path_1,5.0,100.0,0,0
160,60.00000006463003,path_1,6.0,path_1,6.0,path_1,6.0,path_1,6.0,path_1,6.0,path_1,6.0,path_1,6.0,path_1,6.0,path_1,6.0,path_1,6.0,50.0,0,0
161,70.00000006463003,path_1,7.0,path_1,7.0,path_1,7.0,path_1,7.0,path_1,7.0,path_1,7.0,path_1,7.0,path_1,7.0,path_1,7.0,path_1,7.0,60.0,0,0
162,80.00000006463003,path_1,8.0,path_1,8.0,path_1,8.0,path_1,8.0,path_1,8.0,path_1,8.0,path_1,8.0,path_1,8.0,path_1,8.0,path_1,8.0,70.0,0,0
163,90.00000006463003,path_1,9.0,path_1,9.0,path_1,9.0,path_1,9.0,path_1,9.0,path_1,9.0,path_1,9.0,path_1,9.0,path_1,9.0,path_1,9.0,80.0,0,0
164,100.00000006463003,path_1,10.0,path_1,10.0,path_1,10.0,path_1,10.0,path_1,10.0,path_1,10.0,path_1,10.0,path_1,10.0,path_1,10.0,path_1,10.0,90.0,0,0
165,50.000000032315015,path_1,5.0,path_1,5.0,path_1,5.0,path_1,5.0,path_1,5.0,path_1,5.0,path_1,5.0,path_1,5.0,path_1,5.0,path_1,5.0,100.0,0,0
166,60.000000032315015,path_1,6.0,path_1,6.0,path_1,6.0,path_1,6.0,path_1,6.0,path_1,6.0,path_1,6.0,path_1,6.0,path_1,6.0,path_1,6.0,50.0,0,0
167,70.00000003231501,path_1,7.0,path_1,7.0,path_1,7.0,path_1,7.0,path_1,7.0,path_1,7.0,path_1,7.0,path_1,7.0,path_1,7.0,path_1,7.0,60.0,0,0
168,80.00000003231501,path_1,8.0,path_1,8.0,path_1,8.0,path_1,8.0,path_1,8.0,path_1,8.0,path_1,8.0,path_1,8.0,path_1,8.0,path_1,8.0,70.0,0,0
169,90.00000003231501,path_1,9.0,path_1,9.0,path_1,9.0,path_1,9.0,path_1,9.0,path_1,9.0,path_1,9.0,path_1,9.0,path_1,9.0,path_1,9.0,80.0,0,0
170,100.00000003231501,path_1,10.0,path_1,10.0,path_1,10.0,path_1,10.0,path_1,10.0,path_1,10.0,path_1,10.0,path_1,10.0,path_1,10.0,path_1,10.0,90.0,0,0
171,50.00000001615751,path_1,5.0,path_1,5.0,path_1,5.0,path_1,5.0,path_1,5.0,path_1,5.0,path_1,5.0,path_1,5.0,path_1,5.0,path_1,5.0,100.0,0,0
172,60.00000001615751,path_1,6.0,path_1,6.0,path_1,6.0,path_1,6.0,path_1,6.0,path_1,6.0,path_1,6.0,path_1,6.0,path_1,6.0,path_1,6.0,50.0,0,0
173,70.00000001615751,path_1,7.0,path_1,7.0,path_1,7.0,path_1,7.0,path_1,7.0,path_1,7.0,path_1,7.0,path_1,7.0,path_1,7.0,path_1,7.0,60.0,0,0
174,80.00000001615751,path_1,8.0,path_1,8.0,path_1,8.0,path_1,8.0,path_1,8.0,path_1,8.0,path_1,8.0,path_1,8.0,path_1,8.0,path_1,8.0,70.0,0,0
175,90.00000001615751,path_1,9.0,path_1,9.0,path_1,9.0,path_1,9.0,path_1,9.0,path_1,9.0,path_1,9.0,path_1,9.0,path_1,9.0,path_1,9.0,80.0,0,0
176,100.00000001615751,path_1,10.0,path_1,10.0,path_1,10.0,path_1,10.0,path_1,10.0,path_1,10.0,path_1,10.0,path_1,10.0,path_1,10.0,path_1,10.0,90.0,0,0
177,50.00000000807876,path_1,5.0,path_1,5.0,path_1,5.0,path_1,5.0,path_1,5.0,path_1,5.0,path_1,5.0,path_1,5.0,path_1,5.0,path_1,5.0,100.0,0,0
178,60.00000000807876,path_1,6.0,path_1,6.0,path_1,6.0,path_1,6.0,path_1,6.0,path_1,6.0,path_1,6.0,path_1,6.0,path_1,6.0,path_1,6.0,50.0,0,0
179,70.00000000807876,path_1,7.0,path_1,7.0,path_1,7.0,path_1,7.0,path_1,7.0,path_1,7.0,path_1,7.0,path_1,7.0,path_1,7.0,path_1,7.0,60.0,0,0
180,80.00000000807876,path_1,8.0,path_1,8.0,path_1,8.0,path_1,8.0,path_1,8.0,path_1,8.0,path_1,8.0,path_1,8.0,path_1,8.0,path_1,8.0,70.0,0,0
181,90.00000000807876,path_1,9.0,path_1,9.0,path_1,9.0,path_1,9.0,path_1,9.0,path_1,9.0,path_1,9.0,path_1,9.0,path_1,9.0,path_1,9.0,80.0,0,0
182,100.00000000807876,path_1,10.0,path_1,10.0,path_1,10.0,path_1,10.0,path_1,10.0,path_1,10.0,path_1,10.0,path_1,10.0,path_1,10.0,path_1,10.0,90.0,0,0
183,50.00000000403938,path_1,5.0,path_1,5.0,path_1,5.0,path_1,5.0,path_1,5.0,path_1,5.0,path_1,5.0,path_1,5.0,path_1,5.0,path_1,5.0,100.0,0,0
184,60.00000000403938,path_1,6.0,path_1,6.0,path_1,6.0,path_1,6.0,path_1,6.0,path_1,6.0,path_1,6.0,path_1,6.0,path_1,6.0,path_1,6.0,50.0,0,0
185,70.00000000403938,path_1,7.0,path_1,7.0,path_1,7.0,path_1,7.0,path_1,7.0,path_1,7.0,path_1,7.0,path_1,7.0,path_1,7.0,path_1,7.0,60.0,0,0
186,80.00000000403938,path_1,8.0,path_1,8.0,path_1,8.0,path_1,8.0,path_1,8.0,path_1,8.0,path_1,8.0,path_1,8.0,path_1,8.0,path_1,8.0,70.0,0,0
187,90.00000000403938,path_1,9.0,path_1,9.0,path_1,9.0,path_1,9.0,path_1,9.0,path_1,9.0,path_1,9.0,path_1,9.0,path_1,9.0,path_1,9.0,80.0,0,0
188,100.00000000403938,path_1,10.0,path_1,10.0,path_1,10.0,path_1,10.0,path_1,10.0,path_1,10.0,path_1,10.0,path_1,10.0,path_1,10.0,path_1,10.0,90.0,0,0
189,50.00000000201969,path_1,5.0,path_1,5.0,path_1,5.0,path_1,5.0,path_1,5.0,path_1,5.0,path_1,5.0,path_1,5.0,path_1,5.0,path_1,5.0,100.0,0,0
190,60.00000000201969,path_1,6.0,path_1,6.0,path_1,6.0,path_1,6.0,path_1,6.0,path_1,6.0,path_1,6.0,path_1,6.0,path_1,6.0,path_1,6.0,50.0,0,0
191,70.00000000201969,path_1,7.0,path_1,7.0,path_1,7.0,path_1,7.0,path_1,7.0,path_1,7.0,path_1,7.0,path_1,7.0,path_1,7.0,path_1,7.0,60.0,0,0
192,80.00000000201969,path_1,8.0,path_1,8.0,path_1,8.0,path_1,8.0,path_1,8.0,path_1,8.0,path_1,8.0,path_1,8.0,path_1,8.0,path_1,8.0,70.0,0,0
193,90.00000000201969,path_1,9.0,path_1,9.0,path_1,9.0,path_1,9.0,path_1,9.0,path_1,9.0,path_1,9.0,path_1,9.0,path_1,9.0,path_1,9.0,80.0,0,0
194,100.00000000201969,path_1,10.0,path_1,10.0,path_1,10.0,path_1,10.0,path_1,10.0,path_1,10.0,path_1,10.0,path_1,10.0,path_1,10.0,path_1,10.0,90.0,0,0
195,50.000000001009845,path_1,5.0,path_1,5.0,path_1,5.0,path_1,5.0,path_1,5.0,path_1,5.0,path_1,5.0,path_1,5.0,path_1,5.0,path_1,5.0,100.0,0,0
196,60.000000001009845,path_1,6.0,path_1,6.0,path_1,6.0,path_1,6.0,path_1,6.0,path_1,6.0,path_1,6.0,path_1,6.0,path_1,6.0,path_1,6.0,50.0,0,0
197,70.00000000100985,path_1,7.0,path_1,7.0,path_1,7.0,path_1,7.0,path_1,7.0,path_1,7.0,path_1,7.0,path_1,7.0,path_1,7.0,path_1,7.0,60.0,0,0
198,80.00000000100985,path_1,8.0,path_1,8.0,path_1,8.0,path_1,8.0,path_1,8.0,path_1,8.0,path_1,8.0,path_1,8.0,path_1,8.0,path_1,8.0,70.0,0,0
199,90.00000000100985,path_1,9.0,path_1,9.0,path_1,9.0,path_1,9.0,path_1,9.0,path_1,9.0,path_1,9.0,path_1,9.0,path_1,9.0,path_1,9.0,80.0,0,0
200,100.00000000100985,path_1,10.0,path_1,10.0,path_1,10.0,path_1,10.0,path_1,10.0,path_1,10.0,path_1,10.0,path_1,10.0,path_1,10.0,path_1,10.0,90.0,0,0
201,50.000000000504926,path_1,5.0,path_1,5.0,path_1,5.0,path_1,5.0,path_1,5.0,path_1,5.0,path_1,5.0,path_1,5.0,path_1,5.0,path_1,5.0,100.0,0,0
202,60.000000000504926,path_1,6.0,path_1,6.0,path_1,6.0,path_1,6.0,path_1,6.0,path_1,6.0,path_1,6.0,path_1,6.0,path_1,6.0,path_1,6.0,50.0,0,0
203,70.00000000050493,path_1,7.0,path_1,7.0,path_1,7.0,path_1,7.0,path_1,7.0,path_1,7.0,path_1,7.0,path_1,7.0,path_1,7.0,path_1,7.0,60.0,0,0
204,80.00000000050493,path_1,8.0,path_1,8.0,path_1,8.0,path_1,8.0,path_1,8.0,path_1,8.0,path_1,8.0,path_1,8.0,path_1,8.0,path_1,8.0,70.0,0,0
205,90.00000000050493,path_1,9.0,path_1,9.0,path_1,9.0,path_1,9.0,path_1,9.0,path_1,9.0,path_1,9.0,path_1,9.0,path_1,9.0,path_1,9.0,80.0,0,0
206,100.00000000050493,path_1,10.0,path_1,10.0,path_1,10.0,path_1,10.0,path_1,10.0,path_1,10.0,path_1,10.0,path_1,10.0,path_1,10.0,path_1,10.0,90.0,0,0
207,50.00000000025246,path_1,5.0,path_1,5.0,path_1,5.0,path_1,5.0,path_1,5.0,path_1,5.0,path_1,5.0,path_1,5.0,path_1,5.0,path_1,5.0,100.0,0,0
208,60.00000000025246,path_1,6.0,path_1,6.0,path_1,6.0,path_1,6.0,path_1,6.0,path_1,6.0,path_1,6.0,path_1,6.0,path_1,6.0,path_1,6.0,50.0,0,0
209,70.00000000025246,path_1,7.0,path_1,7.0,path_1,7.0,path_1,7.0,path_1,7.0,path_1,7.0,path_1,7.0,path_1,7.0,path_1,7.0,path_1,7.0,60.0,0,0
210,80.00000000025246,path_1,8.0,path_1,8.0,path_1,8.0,path_1,8.0,path_1,8.0,path_1,8.0,path_1,8.0,path_1,8.0,path_1,8.0,path_1,8.0,70.0,0,0
211,90.00000000025246,path_1,9.0,path_1,9.0,path_1,9.0,path_1,9.0,path_1,9.0,path_1,9.0,path_1,9.0,path_1,9.0,path_1,9.0,path_1,9.0,80.0,0,0
212,100.00000000025246,path_1,10.0,path_1,10.0,path_1,10.0,path_1,10.0,path_1,10.0,path_1,10.0,path_1,10.0,path_1,10.0,path_1,10.0,path_1,10.0,90.0,0,0
213,50.00000000012623,path_1,5.0,path_1,5.0,path_1,5.0,path_1,5.0,path_1,5.0,path_1,5.0,path_1,5.0,path_1,5.0,path_1,5.0,path_1,5.0,100.0,0,0
214,60.00000000012623,path_1,6.0,path_1,6.0,path_1,6.0,path_1,6.0,path_1,6.0,path_1,6.0,path_1,6.0,path_1,6.0,path_1,6.0,path_1,6.0,50.0,0,0
215,70.00000000012624,path_1,7.0,path_1,7.0,path_1,7.0,path_1,7.0,path_1,7.0,path_1,7.0,path_1,7.0,path_1,7.0,path_1,7.0,path_1,7.0,60.0,0,0
216,80.00000000012624,path_1,8.0,path_1,8.0,path_1,8.0,path_1,8.0,path_1,8.0,path_1,8.0,path_1,8.0,path_1,8.0,path_1,8.0,path_1,8.0,70.0,0,0
217,90.00000000012624,path_1,9.0,path_1,9.0,path_1,9.0,path_1,9.0,path_1,9.0,path_1,9.0,path_1,9.0,path_1,9.0,path_1,9.0,path_1,9.0,80.0,0,0
218,100.00000000012624,path_1,10.0,path_1,10.0,path_1,10.0,path_1,10.0,path_1,10.0,path_1,10.0,path_1,10.0,path_1,10.0,path_1,10.0,path_1,10.0,90.0,0,0
219,50.00000000006312,path_1,5.0,path_1,5.0,path_1,5.0,path_1,5.0,path_1,5.0,path_1,5.0,path_1,5.0,path_1,5.0,path_1,5.0,path_1,5.0,100.0,0,0
220,60.00000000006312,path_1,6.0,path_1,6.0,path_1,6.0,path_1,6.0,path_1,6.0,path_1,6.0,path_1,6.0,path_1,6.0,path_1,6.0,path_1,6.0,50.0,0,0
221,70.00000000006311,path_1,7.0,path_1,7.0,path_1,7.0,path_1,7.0,path_1,7.0,path_1,7.0,path_1,7.0,path_1,7.0,path_1,7.0,path_1,7.0,60.0,0,0
222,80.00000000006311,path_1,8.0,path_1,8.0,path_1,8.0,path_1,8.0,path_1,8.0,path_1,8.0,path_1,8.0,path_1,8.0,path_1,8.0,path_1,8.0,70.0,0,0
223,90.00000000006311,path_1,9.0,path_1,9.0,path_1,9.0,path_1,9.0,path_1,9.0,path_1,9.0,path_1,9.0,path_1,9.0,path_1,9.0,path_1,9.0,80.0,0,0
224,100.00000000006311,path_1,10.0,path_1,10.0,path_1,10.0,path_1,10.0,path_1,10.0,path_1,10.0,path_1,10.0,path_1,10.0,path_1,10.0,path_1,10.0,90.0,0,0
225,50.000000000031555,path_1,5.0,path_1,5.0,path_1,5.0,path_1,5.0,path_1,5.0,path_1,5.0,path_1,5.0,path_1,5.0,path_1,5.0,path_1,5.0,100.0,0,0
226,60.000000000031555,path_1,6.0,path_1,6.0,path_1,6.0,path_1,6.0,path_1,6.0,path_1,6.0,path_1,6.0,path_1,6.0,path_1,6.0,path_1,6.0,50.0,0,0
227,70.00000000003156,path_1,7.0,path_1,7.0,path_1,7.0,path_1,7.0,path_1,7.0,path_1,7.0,path_1,7.0,path_1,7.0,path_1,7.0,path_1,7.0,60.0,0,0
228,80.00000000003155,path_1,8.0,path_1,8.0,path_1,8.0,path_1,8.0,path_1,8.0,path_1,8.0,path_1,8.0,path_1,8.0,path_1,8.0,path_1,8.0,70.0,0,0
229,90.00000000003155,path_1,9.0,path_1,9.0,path_1,9.0,path_1,9.0,path_1,9.0,path_1,9.0,path_1,9.0,path_1,9.0,path_1,9.0,path_1,9.0,80.0,0,0
230,100.00000000003155,path_1,10.0,path_1,10.0,path_1,10.0,path_1,10.0,path_1,10.0,path_1,10.0,path_1,10.0,path_1,10.0,path_1,10.0,path_1,10.0,90.0,0,0
231,50.000000000015774,path_1,5.0,path_1,5.0,path_1,5.0,path_1,5.0,path_1,5.0,path_1,5.0,path_1,5.0,path_1,5.0,path_1,5.0,path_1,5.0,100.0,0,0
232,60.000000000015774,path_1,6.0,path_1,6.0,path_1,6.0,path_1,6.0,path_1,6.0,path_1,6.0,path_1,6.0,path_1,6.0,path_1,6.0,path_1,6.0,50.0,0,0
233,70.00000000001577,path_1,7.0,path_1,7.0,path_1,7.0,path_1,7.0,path_1,7.0,path_1,7.0,path_1,7.0,path_1,7.0,path_1,7.0,path_1,7.0,60.0,0,0
234,80.00000000001577,path_1,8.0,path_1,8.0,path_1,8.0,path_1,8.0,path_1,8.0,path_1,8.0,path_1,8.0,path_1,8.0,path_1,8.0,path_1,8.0,70.0,0,0
235,90.00000000001577,path_1,9.0,path_1,9.0,path_1,9.0,path_1,9.0,path_1,9.0,path_1,9.0,path_1,9.0,path_1,9.0,path_1,9.0,path_1,9.0,80.0,0,0
236,100.00000000001577,path_1,10.0,path_1,10.0,path_1,10.0,path_1,10.0,path_1,10.0,path_1,10.0,path_1,10.0,path_1,10.0,path_1,10.0,path_1,10.0,90.0,0,0
237,50.00000000000789,path_1,5.0,path_1,5.0,path_1,5.0,path_1,5.0,path_1,5.0,path_1,5.0,path_1,5.0,path_1,5.0,path_1,5.0,path_1,5.0,100.0,0,0
238,60.00000000000789,path_1,6.0,path_1,6.0,path_1,6.0,path_1,6.0,path_1,6.0,path_1,6.0,path_1,6.0,path_1,6.0,path_1,6.0,path_1,6.0,50.0,0,0
239,70.00000000000789,path_1,7.0,path_1,7.0,path_1,7.0,path_1,7.0,path_1,7.0,path_1,7.0,path_1,7.0,path_1,7.0,path_1,7.0,path_1,7.0,60.0,0,0
240,80.00000000000789,path_1,8.0,path_1,8.0,path_1,8.0,path_1,8.0,path_1,8.0,path_1,8.0,path_1,8.0,path_1,8.0,path_1,8.0,path_1,8.0,70.0,0,0
241,90.00000000000789,path_1,9.0,path_1,9.0,path_1,9.0,path_1,9.0,path_1,9.0,path_1,9.0,path_1,9.0,path_1,9.0,path_1,9.0,path_1,9.0,80.0,0,0
242,100.00000000000789,path_1,10.0,path_1,10.0,path_1,10.0,path_1,10.0,path_1,10.0,path_1,10.0,path_1,10.0,path_1,10.0,path_1,10.0,path_1,10.0,90.0,0,0
243,50.00000000000394,path_1,5.0,path_1,5.0,path_1,5.0,path_1,5.0,path_1,5.0,path_1,5.0,path_1,5.0,path_1,5.0,path_1,5.0,path_1,5.0,100.0,0,0
244,60.00000000000394,path_1,6.0,path_1,6.0,path_1,6.0,path_1,6.0,path_1,6.0,path_1,6.0,path_1,6.0,path_1,6.0,path_1,6.0,path_1,6.0,50.0,0,0
245,70.00000000000395,path_1,7.0,path_1,7.0,path_1,7.0,path_1,7.0,path_1,7.0,path_1,7.0,path_1,7.0,path_1,7.0,path_1,7.0,path_1,7.0,60.0,0,0
246,80.00000000000395,path_1,8.0,path_1,8.0,path_1,8.0,path_1,8.0,path_1,8.0,path_1,8.0,path_1,8.0,path_1,8.0,path_1,8.0,path_1,8.0,70.0,0,0
247,90.00000000000395,path_1,9.0,path_1,9.0,path_1,9.0,path_1,9.0,path_1,9.0,path_1,9.0,path_1,9.0,path_1,9.0,path_1,9.0,path_1,9.0,80.0,0,0
248,100.00000000000395,path_1,10.0,path_1,10.0,path_1,10.0,path_1,10.0,path_1,10.0,path_1,10.0,path_1,10.0,path_1,10.0,path_1,10.0,path_1,10.0,90.0,0,0
249,50.000000000001975,path_1,5.0,path_1,5.0,path_1,5.0,path_1,5.0,path_1,5.0,path_1,5.0,path_1,5.0,path_1,5.0,path_1,5.0,path_1,5.0,100.0,0,0
250,60.000000000001975,path_1,6.0,path_1,6.0,path_1,6.0,path_1,6.0,path_1,6.0,path_1,6.0,path_1,6.0,path_1,6.0,path_1,6.0,path_1,6.0,50.0,0,0
251,70.00000000000198,path_1,7.0,path_1,7.0,path_1,7.0,path_1,7.0,path_1,7.0,path_1,7.0,path_1,7.0,path_1,7.0,path_1,7.0,path_1,7.0,60.0,0,0
252,80.00000000000198,path_1,8.0,path_1,8.0,path_1,8.0,path_1,8.0,path_1,8.0,path_1,8.0,path_1,8.0,path_1,8.0,path_1,8.0,path_1,8.0,70.0,0,0
253,90.00000000000198,path_1,9.0,path_1,9.0,path_1,9.0,path_1,9.0,path_1,9.0,path_1,9.0,path_1,9.0,path_1,9.0,path_1,9.0,path_1,9.0,80.0,0,0
254,100.00000000000198,path_1,10.0,path_1,10.0,path_1,10.0,path_1,10.0,path_1,10.0,path_1,10.0,path_1,10.0,path_1,10.0,path_1,10.0,path_1,10.0,90.0,0,0
255,50.00000000000099,path_1,5.0,path_1,5.0,path_1,5.0,path_1,5.0,path_1,5.0,path_1,5.0,path_1,5.0,path_1,5.0,path_1,5.0,path_1,5.0,100.0,0,0
256,60.00000000000099,path_1,6.0,path_1,6.0,path_1,6.0,path_1,6.0,path_1,6.0,path_1,6.0,path_1,6.0,path_1,6.0,path_1,6.0,path_1,6.0,50.0,0,0
257,70.00000000000098,path_1,7.0,path_1,7.0,path_1,7.0,path_1,7.0,path_1,7.0,path_1,7.0,path_1,7.0,path_1,7.0,path_1,7.0,path_1,7.0,60.0,0,0
258,80.00000000000098,path_1,8.0,path_1,8.0,path_1,8.0,path_1,8.0,path_1,8.0,path_1,8.0,path_1,8.0,path_1,8.0,path_1,8.0,path_1,8.0,70.0,0,0
259,90.00000000000098,path_1,9.0,path_1,9.0,path_1,9.0,path_1,9.0,path_1,9.0,path_1,9.0,path_1,9.0,path_1,9.0,path_1,9.0,path_1,9.0,80.0,0,0
260,100.00000000000098,path_1,10.0,path_1,10.0,path_1,10.0,path_1,10.0,path_1,10.0,path_1,10.0,path_1,10.0,path_1,10.0,path_1,10.0,path_1,10.0,90.0,0,0
261,50.00000000000049,path_1,5.0,path_1,5.0,path_1,5.0,path_1,5.0,path_1,5.0,path_1,5.0,path_1,5.0,path_1,5.0,path_1,5.0,path_1,5.0,100.0,0,0
262,60.00000000000049,path_1,6.0,path_1,6.0,path_1,6.0,path_1,6.0,path_1,6.0,path_1,6.0,path_1,6.0,path_1,6.0,path_1,6.0,path_1,6.0,50.0,0,0
263,70.0000000000005,path_1,7.0,path_1,7.0,path_1,7.0,path_1,7.0,path_1,7.0,path_1,7.0,path_1,7.0,path_1,7.0,path_1,7.0,path_1,7.0,60.0,0,0
264,80.0000000000005,path_1,8.0,path_1,8.0,path_1,8.0,path_1,8.0,path_1,8.0,path_1,8.0,path_1,8.0,path_1,8.0,path_1,8.0,path_1,8.0,70.0,0,0
265,90.0000000000005,path_1,9.0,path_1,9.0,path_1,9.0,path_1,9.0,path_1,9.0,path_1,9.0,path_1,9.0,path_1,9.0,path_1,9.0,path_1,9.0,80.0,0,0
266,100.0000000000005,path_1,10.0,path_1,10.0,path_1,10.0,path_1,10.0,path_1,10.0,path_1,10.0,path_1,10.0,path_1,10.0,path_1,10.0,path_1,10.0,90.0,0,0
267,50.00000000000025,path_1,5.0,path_1,5.0,path_1,5.0,path_1,5.0,path_1,5.0,path_1,5.0,path_1,5.0,path_1,5.0,path_1,5.0,path_1,5.0,100.0,0,0
268,60.00000000000025,path_1,6.0,path_1,6.0,path_1,6.0,path_1,6.0,path_1,6.0,path_1,6.0,path_1,6.0,path_1,6.0,path_1,6.0,path_1,6.0,50.0,0,0
269,70.00000000000024,path_1,7.0,path_1,7.0,path_1,7.0,path_1,7.0,path_1,7.0,path_1,7.0,path_1,7.0,path_1,7.0,path_1,7.0,path_1,7.0,60.0,0,0
270,80.00000000000024,path_1,8.0,path_1,8.0,path_1,8.0,path_1,8.0,path_1,8.0,path_1,8.0,path_1,8.0,path_1,8.0,path_1,8.0,path_1,8.0,70.0,0,0
271,90.00000000000024,path_1,9.0,path_1,9.0,path_1,9.0,path_1,9.0,path_1,9.0,path_1,9.0,path_1,9.0,path_1,9.0,path_1,9.0,path_1,9.0,80.0,0,0
272,100.00000000000024,path_1,10.0,path_1,10.0,path_1,10.0,path_1,10.0,path_1,10.0,path_1,10.0,path_1,10.0,path_1,10.0,path_1,10.0,path_1,10.0,90.0,0,0
273,50.00000000000012,path_1,5.0,path_1,5.0,path_1,5.0,path_1,5.0,path_1,5.0,path_1,5.0,path_1,5.0,path_1,5.0,path_1,5.0,path_1,5.0,100.0,0,0
274,60.00000000000012,path_1,6.0,path_1,6.0,path_1,6.0,path_1,6.0,path_1,6.0,path_1,6.0,path_1,6.0,path_1,6.0,path_1,6.0,path_1,6.0,50.0,0,0
275,70.00000000000013,path_1,7.0,path_1,7.0,path_1,7.0,path_1,7.0,path_1,7.0,path_1,7.0,path_1,7.0,path_1,7.0,path_1,7.0,path_1,7.0,60.0,0,0
276,80.00000000000013,path_1,8.0,path_1,8.0,path_1,8.0,path_1,8.0,path_1,8.0,path_1,8.0,path_1,8.0,path_1,8.0,path_1,8.0,path_1,8.0,70.0,0,0
277,90.00000000000013,path_1,9.0,path_1,9.0,path_1,9.0,path_1,9.0,path_1,9.0,path_1,9.0,path_1,9.0,path_1,9.0,path_1,9.0,path_1,9.0,80.0,0,0
278,100.00000000000013,path_1,10.0,path_1,10.0,path_1,10.0,path_1,10.0,path_1,10.0,path_1,10.0,path_1,10.0,path_1,10.0,path_1,10.0,path_1,10.0,90.0,0,0
279,50.000000000000064,path_1,5.0,path_1,5.0,path_1,5.0,path_1,5.0,path_1,5.0,path_1,5.0,path_1,5.0,path_1,5.0,path_1,5.0,path_1,5.0,100.0,0,0
280,60.000000000000064,path_1,6.0,path_1,6.0,path_1,6.0,path_1,6.0,path_1,6.0,path_1,6.0,path_1,6.0,path_1,6.0,path_1,6.0,path_1,6.0,50.0,0,0
281,70.00000000000006,path_1,7.0,path_1,7.0,path_1,7.0,path_1,7.0,path_1,7.0,path_1,7.0,path_1,7.0,path_1,7.0,path_1,7.0,path_1,7.0,60.0,0,0
282,80.00000000000006,path_1,8.0,path_1,8.0,path_1,8.0,path_1,8.0,path_1,8.0,path_1,8.0,path_1,8.0,path_1,8.0,path_1,8.0,path_1,8.0,70.0,0,0
283,90.00000000000006,path_1,9.0,path_1,9.0,path_1,9.0,path_1,9.0,path_1,9.0,path_1,9.0,path_1,9.0,path_1,9.0,path_1,9.0,path_1,9.0,80.0,0,0
284,100.00000000000006,path_1,10.0,path_1,10.0,path_1,10.0,path_1,10.0,path_1,10.0,path_1,10.0,path_1,10.0,path_1,10.0,path_1,10.0,path_1,10.0,90.0,0,0
285,50.00000000000003,path_1,5.0,path_1,5.0,path_1,5.0,path_1,5.0,path_1,5.0,path_1,5.0,path_1,5.0,path_1,5.0,path_1,5.0,path_1,5.0,100.0,0,0
286,60.00000000000003,path_1,6.0,path_1,6.0,path_1,6.0,path_1,6.0,path_1,6.0,path_1,6.0,path_1,6.0,path_1,6.0,path_1,6.0,path_1,6.0,50.0,0,0
287,70.00000000000003,path_1,7.0,path_1,7.0,path_1,7.0,path_1,7.0,path_1,7.0,path_1,7.0,path_1,7.0,path_1,7.0,path_1,7.0,path_1,7.0,60.0,0,0
288,80.00000000000003,path_1,8.0,path_1,8.0,path_1,8.0,path_1,8.0,path_1,8.0,path_1,8.0,path_1,8.0,path_1,8.0,path_1,8.0,path_1,8.0,70.0,0,0
289,90.00000000000003,path_1,9.0,path_1,9.0,path_1,9.0,path_1,9.0,path_1,9.0,path_1,9.0,path_1,9.0,path_1,9.0,path_1,9.0,path_1,9.0,80.0,0,0
290,100.00000000000003,path_1,10.0,path_1,10.0,path_1,10.0,path_1,10.0,path_1,10.0,path_1,10.0,path_1,10.0,path_1,10.0,path_1,10.0,path_1,10.0,90.0,0,0
291,50.000000000000014,path_1,5.0,path_1,5.0,path_1,5.0,path_1,5.0,path_1,5.0,path_1,5.0,path_1,5.0,path_1,5.0,path_1,5.0,path_1,5.0,100.0,0,0
292,60.000000000000014,path_1,6.0,path_1,6.0,path_1,6.0,path_1,6.0,path_1,6.0,path_1,6.0,path_1,6.0,path_1,6.0,path_1,6.0,path_1,6.0,50.0,0,0
293,70.00000000000001,path_1,7.0,path_1,7.0,path_1,7.0,path_1,7.0,path_1,7.0,path_1,7.0,path_1,7.0,path_1,7.0,path_1,7.0,path_1,7.0,60.0,0,0
294,80.00000000000001,path_1,8.0,path_1,8.0,path_1,8.0,path_1,8.0,path_1,8.0,path_1,8.0,path_1,8.0,path_1,8.0,path_1,8.0,path_1,8.0,70.0,0,0
295,90.00000000000001,path_1,9.0,path_1,9.0,path_1,9.0,path_1,9.0,path_1,9.0,path_1,9.0,path_1,9.0,path_1,9.0,path_1,9.0,path_1,9.0,80.0,0,0
296,100.00000000000001,path_1,10.0,path_1,10.0,path_1,10.0,path_1,10.0,path_1,10.0,path_1,10.0,path_1,10.0,path_1,10.0,path_1,10.0,path_1,10.0,90.0,0,0
297,50.00000000000001,path_1,5.0,path_1,5.0,path_1,5.0,path_1,5.0,path_1,5.0,path_1,5.0,path_1,5.0,path_1,5.0,path_1,5.0,path_1,5.0,100.0,0,0
298,60.00000000000001,path_1,6.0,path_1,6.0,path_1,6.0,path_1,6.0,path_1,6.0,path_1,6.0,path_1,6.0,path_1,6.0,path_1,6.0,path_1,6.0,50.0,0,0
299,70.0,path_1,7.0,path_1,7.0,path_1,7.0,path_1,7.0,path_1,7.0,path_1,7.0,path_1,7.0,path_1,7.0,path_1,7.0,path_1,7.0,60.0,0,0
