timestep,total_throughput,agent_0_path,agent_0_cwnd,agent_1_path,agent_1_cwnd,agent_2_path,agent_2_cwnd,agent_3_path,agent_3_cwnd,agent_4_path,agent_4_cwnd,agent_5_path,agent_5_cwnd,agent_6_path,agent_6_cwnd,agent_7_path,agent_7_cwnd,agent_8_path,agent_8_cwnd,agent_9_path,agent_9_cwnd,path_1_load,path_2_load,path_3_load,path_1_loss,path_2_loss,path_3_loss,total_loss
0,27.730481171165916,path_1,2.0,path_1,2.0,path_1,2.0,path_1,5.36,path_1,2.0,path_1,2.0,path_1,5.13,path_1,2.0,path_1,3.24,path_1,2.0,10.73,17.8,5.14,0.0,0.0,0.0,0.0
1,37.73048117116592,path_1,3.0,path_1,3.0,path_1,3.0,path_1,6.36,path_1,3.0,path_1,3.0,path_1,6.13,path_1,3.0,path_1,4.24,path_1,3.0,27.73,0,0,0.0,0.0,0.0,0.0
2,47.73048117116592,path_1,4.0,path_1,4.0,path_1,4.0,path_1,7.36,path_1,4.0,path_1,4.0,path_1,7.13,path_1,4.0,path_1,5.24,path_1,4.0,37.73,0,0,0.0,0.0,0.0,0.0
3,57.73048117116592,path_1,5.0,path_1,5.0,path_1,5.0,path_1,8.36,path_1,5.0,path_1,5.0,path_1,8.13,path_1,5.0,path_1,6.24,path_1,5.0,47.73,0,0,0.0,0.0,0.0,0.0
4,67.73048117116592,path_1,6.0,path_1,6.0,path_1,6.0,path_1,9.36,path_1,6.0,path_1,6.0,path_1,9.13,path_1,6.0,path_1,7.24,path_1,6.0,57.73,0,0,0.0,0.0,0.0,0.0
5,77.73048117116592,path_1,7.0,path_1,7.0,path_1,7.0,path_1,10.36,path_1,7.0,path_1,7.0,path_1,10.13,path_1,7.0,path_1,8.24,path_1,7.0,67.73,0,0,0.0,0.0,0.0,0.0
6,87.73048117116592,path_1,8.0,path_1,8.0,path_1,8.0,path_1,11.36,path_1,8.0,path_1,8.0,path_1,11.13,path_1,8.0,path_1,9.24,path_1,8.0,77.73,0,0,0.0,0.0,0.0,0.0
7,97.73048117116592,path_1,9.0,path_1,9.0,path_1,9.0,path_1,12.36,path_1,9.0,path_1,9.0,path_1,12.13,path_1,9.0,path_1,10.24,path_1,9.0,87.73,0,0,0.0,0.0,0.0,0.0
8,107.73048117116592,path_1,10.0,path_1,10.0,path_1,10.0,path_1,13.36,path_1,10.0,path_1,10.0,path_1,13.13,path_1,10.0,path_1,11.24,path_1,10.0,97.73,0,0,0.0,0.0,0.0,0.0
9,53.86524058558296,path_1,5.0,path_1,5.0,path_1,5.0,path_1,6.68,path_1,5.0,path_1,5.0,path_1,6.56,path_1,5.0,path_1,5.62,path_1,5.0,107.73,0,0,7.73,0.0,0.0,7.73
10,63.86524058558296,path_1,6.0,path_1,6.0,path_1,6.0,path_1,7.68,path_1,6.0,path_1,6.0,path_1,7.56,path_1,6.0,path_1,6.62,path_1,6.0,53.87,0,0,0.0,0.0,0.0,0.0
11,73.86524058558295,path_1,7.0,path_1,7.0,path_1,7.0,path_1,8.68,path_1,7.0,path_1,7.0,path_1,8.56,path_1,7.0,path_1,7.62,path_1,7.0,63.87,0,0,0.0,0.0,0.0,0.0
12,83.86524058558295,path_1,8.0,path_1,8.0,path_1,8.0,path_1,9.68,path_1,8.0,path_1,8.0,path_1,9.56,path_1,8.0,path_1,8.62,path_1,8.0,73.87,0,0,0.0,0.0,0.0,0.0
13,93.86524058558295,path_1,9.0,path_1,9.0,path_1,9.0,path_1,10.68,path_1,9.0,path_1,9.0,path_1,10.56,path_1,9.0,path_1,9.62,path_1,9.0,83.87,0,0,0.0,0.0,0.0,0.0
14,103.86524058558295,path_1,10.0,path_1,10.0,path_1,10.0,path_1,11.68,path_1,10.0,path_1,10.0,path_1,11.56,path_1,10.0,path_1,10.62,path_1,10.0,93.87,0,0,0.0,0.0,0.0,0.0
15,51.932620292791476,path_1,5.0,path_1,5.0,path_1,5.0,path_1,5.84,path_1,5.0,path_1,5.0,path_1,5.78,path_1,5.0,path_1,5.31,path_1,5.0,103.87,0,0,3.87,0.0,0.0,3.87
16,61.932620292791476,path_1,6.0,path_1,6.0,path_1,6.0,path_1,6.84,path_1,6.0,path_1,6.0,path_1,6.78,path_1,6.0,path_1,6.31,path_1,6.0,51.93,0,0,0.0,0.0,0.0,0.0
17,71.93262029279148,path_1,7.0,path_1,7.0,path_1,7.0,path_1,7.84,path_1,7.0,path_1,7.0,path_1,7.78,path_1,7.0,path_1,7.31,path_1,7.0,61.93,0,0,0.0,0.0,0.0,0.0
18,81.93262029279148,path_1,8.0,path_1,8.0,path_1,8.0,path_1,8.84,path_1,8.0,path_1,8.0,path_1,8.78,path_1,8.0,path_1,8.31,path_1,8.0,71.93,0,0,0.0,0.0,0.0,0.0
19,91.93262029279148,path_1,9.0,path_1,9.0,path_1,9.0,path_1,9.84,path_1,9.0,path_1,9.0,path_1,9.78,path_1,9.0,path_1,9.31,path_1,9.0,81.93,0,0,0.0,0.0,0.0,0.0
20,101.93262029279148,path_1,10.0,path_1,10.0,path_1,10.0,path_1,10.84,path_1,10.0,path_1,10.0,path_1,10.78,path_1,10.0,path_1,10.31,path_1,10.0,91.93,0,0,0.0,0.0,0.0,0.0
21,50.96631014639574,path_1,5.0,path_1,5.0,path_1,5.0,path_1,5.42,path_1,5.0,path_1,5.0,path_1,5.39,path_1,5.0,path_1,5.16,path_1,5.0,101.93,0,0,1.93,0.0,0.0,1.93
22,60.96631014639574,path_1,6.0,path_1,6.0,path_1,6.0,path_1,6.42,path_1,6.0,path_1,6.0,path_1,6.39,path_1,6.0,path_1,6.16,path_1,6.0,50.97,0,0,0.0,0.0,0.0,0.0
23,70.96631014639574,path_1,7.0,path_1,7.0,path_1,7.0,path_1,7.42,path_1,7.0,path_1,7.0,path_1,7.39,path_1,7.0,path_1,7.16,path_1,7.0,60.97,0,0,0.0,0.0,0.0,0.0
24,80.96631014639574,path_1,8.0,path_1,8.0,path_1,8.0,path_1,8.42,path_1,8.0,path_1,8.0,path_1,8.39,path_1,8.0,path_1,8.16,path_1,8.0,70.97,0,0,0.0,0.0,0.0,0.0
25,90.96631014639574,path_1,9.0,path_1,9.0,path_1,9.0,path_1,9.42,path_1,9.0,path_1,9.0,path_1,9.39,path_1,9.0,path_1,9.16,path_1,9.0,80.97,0,0,0.0,0.0,0.0,0.0
26,100.96631014639574,path_1,10.0,path_1,10.0,path_1,10.0,path_1,10.42,path_1,10.0,path_1,10.0,path_1,10.39,path_1,10.0,path_1,10.16,path_1,10.0,90.97,0,0,0.0,0.0,0.0,0.0
27,50.48315507319787,path_1,5.0,path_1,5.0,path_1,5.0,path_1,5.21,path_1,5.0,path_1,5.0,path_1,5.2,path_1,5.0,path_1,5.08,path_1,5.0,100.97,0,0,0.97,0.0,0.0,0.97
28,60.48315507319787,path_1,6.0,path_1,6.0,path_1,6.0,path_1,6.21,path_1,6.0,path_1,6.0,path_1,6.2,path_1,6.0,path_1,6.08,path_1,6.0,50.48,0,0,0.0,0.0,0.0,0.0
29,70.48315507319786,path_1,7.0,path_1,7.0,path_1,7.0,path_1,7.21,path_1,7.0,path_1,7.0,path_1,7.2,path_1,7.0,path_1,7.08,path_1,7.0,60.48,0,0,0.0,0.0,0.0,0.0
30,80.48315507319788,path_1,8.0,path_1,8.0,path_1,8.0,path_1,8.21,path_1,8.0,path_1,8.0,path_1,8.2,path_1,8.0,path_1,8.08,path_1,8.0,70.48,0,0,0.0,0.0,0.0,0.0
31,90.48315507319788,path_1,9.0,path_1,9.0,path_1,9.0,path_1,9.21,path_1,9.0,path_1,9.0,path_1,9.2,path_1,9.0,path_1,9.08,path_1,9.0,80.48,0,0,0.0,0.0,0.0,0.0
32,100.48315507319788,path_1,10.0,path_1,10.0,path_1,10.0,path_1,10.21,path_1,10.0,path_1,10.0,path_1,10.2,path_1,10.0,path_1,10.08,path_1,10.0,90.48,0,0,0.0,0.0,0.0,0.0
33,50.24157753659894,path_1,5.0,path_1,5.0,path_1,5.0,path_1,5.11,path_1,5.0,path_1,5.0,path_1,5.1,path_1,5.0,path_1,5.04,path_1,5.0,100.48,0,0,0.48,0.0,0.0,0.48
34,60.24157753659894,path_1,6.0,path_1,6.0,path_1,6.0,path_1,6.11,path_1,6.0,path_1,6.0,path_1,6.1,path_1,6.0,path_1,6.04,path_1,6.0,50.24,0,0,0.0,0.0,0.0,0.0
35,70.24157753659894,path_1,7.0,path_1,7.0,path_1,7.0,path_1,7.11,path_1,7.0,path_1,7.0,path_1,7.1,path_1,7.0,path_1,7.04,path_1,7.0,60.24,0,0,0.0,0.0,0.0,0.0
36,80.24157753659894,path_1,8.0,path_1,8.0,path_1,8.0,path_1,8.11,path_1,8.0,path_1,8.0,path_1,8.1,path_1,8.0,path_1,8.04,path_1,8.0,70.24,0,0,0.0,0.0,0.0,0.0
37,90.24157753659894,path_1,9.0,path_1,9.0,path_1,9.0,path_1,9.11,path_1,9.0,path_1,9.0,path_1,9.1,path_1,9.0,path_1,9.04,path_1,9.0,80.24,0,0,0.0,0.0,0.0,0.0
38,100.24157753659894,path_1,10.0,path_1,10.0,path_1,10.0,path_1,10.11,path_1,10.0,path_1,10.0,path_1,10.1,path_1,10.0,path_1,10.04,path_1,10.0,90.24,0,0,0.0,0.0,0.0,0.0
39,50.12078876829947,path_1,5.0,path_1,5.0,path_1,5.0,path_1,5.05,path_1,5.0,path_1,5.0,path_1,5.05,path_1,5.0,path_1,5.02,path_1,5.0,100.24,0,0,0.24,0.0,0.0,0.24
40,60.12078876829947,path_1,6.0,path_1,6.0,path_1,6.0,path_1,6.05,path_1,6.0,path_1,6.0,path_1,6.05,path_1,6.0,path_1,6.02,path_1,6.0,50.12,0,0,0.0,0.0,0.0,0.0
41,70.12078876829946,path_1,7.0,path_1,7.0,path_1,7.0,path_1,7.05,path_1,7.0,path_1,7.0,path_1,7.05,path_1,7.0,path_1,7.02,path_1,7.0,60.12,0,0,0.0,0.0,0.0,0.0
42,80.12078876829946,path_1,8.0,path_1,8.0,path_1,8.0,path_1,8.05,path_1,8.0,path_1,8.0,path_1,8.05,path_1,8.0,path_1,8.02,path_1,8.0,70.12,0,0,0.0,0.0,0.0,0.0
43,90.12078876829946,path_1,9.0,path_1,9.0,path_1,9.0,path_1,9.05,path_1,9.0,path_1,9.0,path_1,9.05,path_1,9.0,path_1,9.02,path_1,9.0,80.12,0,0,0.0,0.0,0.0,0.0
44,100.12078876829946,path_1,10.0,path_1,10.0,path_1,10.0,path_1,10.05,path_1,10.0,path_1,10.0,path_1,10.05,path_1,10.0,path_1,10.02,path_1,10.0,90.12,0,0,0.0,0.0,0.0,0.0
45,50.06039438414973,path_1,5.0,path_1,5.0,path_1,5.0,path_1,5.03,path_1,5.0,path_1,5.0,path_1,5.02,path_1,5.0,path_1,5.01,path_1,5.0,100.12,0,0,0.12,0.0,0.0,0.12
46,60.06039438414973,path_1,6.0,path_1,6.0,path_1,6.0,path_1,6.03,path_1,6.0,path_1,6.0,path_1,6.02,path_1,6.0,path_1,6.01,path_1,6.0,50.06,0,0,0.0,0.0,0.0,0.0
47,70.06039438414973,path_1,7.0,path_1,7.0,path_1,7.0,path_1,7.03,path_1,7.0,path_1,7.0,path_1,7.02,path_1,7.0,path_1,7.01,path_1,7.0,60.06,0,0,0.0,0.0,0.0,0.0
48,80.06039438414973,path_1,8.0,path_1,8.0,path_1,8.0,path_1,8.03,path_1,8.0,path_1,8.0,path_1,8.02,path_1,8.0,path_1,8.01,path_1,8.0,70.06,0,0,0.0,0.0,0.0,0.0
49,90.06039438414973,path_1,9.0,path_1,9.0,path_1,9.0,path_1,9.03,path_1,9.0,path_1,9.0,path_1,9.02,path_1,9.0,path_1,9.01,path_1,9.0,80.06,0,0,0.0,0.0,0.0,0.0
50,100.06039438414973,path_1,10.0,path_1,10.0,path_1,10.0,path_1,10.03,path_1,10.0,path_1,10.0,path_1,10.02,path_1,10.0,path_1,10.01,path_1,10.0,90.06,0,0,0.0,0.0,0.0,0.0
51,50.030197192074866,path_1,5.0,path_1,5.0,path_1,5.0,path_1,5.01,path_1,5.0,path_1,5.0,path_1,5.01,path_1,5.0,path_1,5.0,path_1,5.0,100.06,0,0,0.06,0.0,0.0,0.06
52,60.030197192074866,path_1,6.0,path_1,6.0,path_1,6.0,path_1,6.01,path_1,6.0,path_1,6.0,path_1,6.01,path_1,6.0,path_1,6.0,path_1,6.0,50.03,0,0,0.0,0.0,0.0,0.0
53,70.03019719207487,path_1,7.0,path_1,7.0,path_1,7.0,path_1,7.01,path_1,7.0,path_1,7.0,path_1,7.01,path_1,7.0,path_1,7.0,path_1,7.0,60.03,0,0,0.0,0.0,0.0,0.0
54,80.03019719207487,path_1,8.0,path_1,8.0,path_1,8.0,path_1,8.01,path_1,8.0,path_1,8.0,path_1,8.01,path_1,8.0,path_1,8.0,path_1,8.0,70.03,0,0,0.0,0.0,0.0,0.0
55,90.03019719207487,path_1,9.0,path_1,9.0,path_1,9.0,path_1,9.01,path_1,9.0,path_1,9.0,path_1,9.01,path_1,9.0,path_1,9.0,path_1,9.0,80.03,0,0,0.0,0.0,0.0,0.0
56,100.03019719207487,path_1,10.0,path_1,10.0,path_1,10.0,path_1,10.01,path_1,10.0,path_1,10.0,path_1,10.01,path_1,10.0,path_1,10.0,path_1,10.0,90.03,0,0,0.0,0.0,0.0,0.0
57,50.01509859603743,path_1,5.0,path_1,5.0,path_1,5.0,path_1,5.01,path_1,5.0,path_1,5.0,path_1,5.01,path_1,5.0,path_1,5.0,path_1,5.0,100.03,0,0,0.03,0.0,0.0,0.03
58,60.01509859603743,path_1,6.0,path_1,6.0,path_1,6.0,path_1,6.01,path_1,6.0,path_1,6.0,path_1,6.01,path_1,6.0,path_1,6.0,path_1,6.0,50.02,0,0,0.0,0.0,0.0,0.0
59,70.01509859603743,path_1,7.0,path_1,7.0,path_1,7.0,path_1,7.01,path_1,7.0,path_1,7.0,path_1,7.01,path_1,7.0,path_1,7.0,path_1,7.0,60.02,0,0,0.0,0.0,0.0,0.0
60,80.01509859603743,path_1,8.0,path_1,8.0,path_1,8.0,path_1,8.01,path_1,8.0,path_1,8.0,path_1,8.01,path_1,8.0,path_1,8.0,path_1,8.0,70.02,0,0,0.0,0.0,0.0,0.0
61,90.01509859603743,path_1,9.0,path_1,9.0,path_1,9.0,path_1,9.01,path_1,9.0,path_1,9.0,path_1,9.01,path_1,9.0,path_1,9.0,path_1,9.0,80.02,0,0,0.0,0.0,0.0,0.0
62,100.01509859603743,path_1,10.0,path_1,10.0,path_1,10.0,path_1,10.01,path_1,10.0,path_1,10.0,path_1,10.01,path_1,10.0,path_1,10.0,path_1,10.0,90.02,0,0,0.0,0.0,0.0,0.0
63,50.007549298018716,path_1,5.0,path_1,5.0,path_1,5.0,path_1,5.0,path_1,5.0,path_1,5.0,path_1,5.0,path_1,5.0,path_1,5.0,path_1,5.0,100.02,0,0,0.02,0.0,0.0,0.02
64,60.007549298018716,path_1,6.0,path_1,6.0,path_1,6.0,path_1,6.0,path_1,6.0,path_1,6.0,path_1,6.0,path_1,6.0,path_1,6.0,path_1,6.0,50.01,0,0,0.0,0.0,0.0,0.0
65,70.00754929801872,path_1,7.0,path_1,7.0,path_1,7.0,path_1,7.0,path_1,7.0,path_1,7.0,path_1,7.0,path_1,7.0,path_1,7.0,path_1,7.0,60.01,0,0,0.0,0.0,0.0,0.0
66,80.00754929801872,path_1,8.0,path_1,8.0,path_1,8.0,path_1,8.0,path_1,8.0,path_1,8.0,path_1,8.0,path_1,8.0,path_1,8.0,path_1,8.0,70.01,0,0,0.0,0.0,0.0,0.0
67,90.00754929801872,path_1,9.0,path_1,9.0,path_1,9.0,path_1,9.0,path_1,9.0,path_1,9.0,path_1,9.0,path_1,9.0,path_1,9.0,path_1,9.0,80.01,0,0,0.0,0.0,0.0,0.0
68,100.00754929801872,path_1,10.0,path_1,10.0,path_1,10.0,path_1,10.0,path_1,10.0,path_1,10.0,path_1,10.0,path_1,10.0,path_1,10.0,path_1,10.0,90.01,0,0,0.0,0.0,0.0,0.0
69,50.00377464900936,path_1,5.0,path_1,5.0,path_1,5.0,path_1,5.0,path_1,5.0,path_1,5.0,path_1,5.0,path_1,5.0,path_1,5.0,path_1,5.0,100.01,0,0,0.01,0.0,0.0,0.01
70,60.00377464900936,path_1,6.0,path_1,6.0,path_1,6.0,path_1,6.0,path_1,6.0,path_1,6.0,path_1,6.0,path_1,6.0,path_1,6.0,path_1,6.0,50.0,0,0,0.0,0.0,0.0,0.0
71,70.00377464900936,path_1,7.0,path_1,7.0,path_1,7.0,path_1,7.0,path_1,7.0,path_1,7.0,path_1,7.0,path_1,7.0,path_1,7.0,path_1,7.0,60.0,0,0,0.0,0.0,0.0,0.0
72,80.00377464900936,path_1,8.0,path_1,8.0,path_1,8.0,path_1,8.0,path_1,8.0,path_1,8.0,path_1,8.0,path_1,8.0,path_1,8.0,path_1,8.0,70.0,0,0,0.0,0.0,0.0,0.0
73,90.00377464900936,path_1,9.0,path_1,9.0,path_1,9.0,path_1,9.0,path_1,9.0,path_1,9.0,path_1,9.0,path_1,9.0,path_1,9.0,path_1,9.0,80.0,0,0,0.0,0.0,0.0,0.0
74,100.00377464900936,path_1,10.0,path_1,10.0,path_1,10.0,path_1,10.0,path_1,10.0,path_1,10.0,path_1,10.0,path_1,10.0,path_1,10.0,path_1,10.0,90.0,0,0,0.0,0.0,0.0,0.0
75,50.00188732450468,path_1,5.0,path_1,5.0,path_1,5.0,path_1,5.0,path_1,5.0,path_1,5.0,path_1,5.0,path_1,5.0,path_1,5.0,path_1,5.0,100.0,0,0,0.0,0.0,0.0,0.0
76,60.00188732450468,path_1,6.0,path_1,6.0,path_1,6.0,path_1,6.0,path_1,6.0,path_1,6.0,path_1,6.0,path_1,6.0,path_1,6.0,path_1,6.0,50.0,0,0,0.0,0.0,0.0,0.0
77,70.00188732450468,path_1,7.0,path_1,7.0,path_1,7.0,path_1,7.0,path_1,7.0,path_1,7.0,path_1,7.0,path_1,7.0,path_1,7.0,path_1,7.0,60.0,0,0,0.0,0.0,0.0,0.0
78,80.00188732450468,path_1,8.0,path_1,8.0,path_1,8.0,path_1,8.0,path_1,8.0,path_1,8.0,path_1,8.0,path_1,8.0,path_1,8.0,path_1,8.0,70.0,0,0,0.0,0.0,0.0,0.0
79,90.00188732450468,path_1,9.0,path_1,9.0,path_1,9.0,path_1,9.0,path_1,9.0,path_1,9.0,path_1,9.0,path_1,9.0,path_1,9.0,path_1,9.0,80.0,0,0,0.0,0.0,0.0,0.0
80,100.00188732450468,path_1,10.0,path_1,10.0,path_1,10.0,path_1,10.0,path_1,10.0,path_1,10.0,path_1,10.0,path_1,10.0,path_1,10.0,path_1,10.0,90.0,0,0,0.0,0.0,0.0,0.0
81,50.00094366225234,path_1,5.0,path_1,5.0,path_1,5.0,path_1,5.0,path_1,5.0,path_1,5.0,path_1,5.0,path_1,5.0,path_1,5.0,path_1,5.0,100.0,0,0,0.0,0.0,0.0,0.0
82,60.00094366225234,path_1,6.0,path_1,6.0,path_1,6.0,path_1,6.0,path_1,6.0,path_1,6.0,path_1,6.0,path_1,6.0,path_1,6.0,path_1,6.0,50.0,0,0,0.0,0.0,0.0,0.0
83,70.00094366225234,path_1,7.0,path_1,7.0,path_1,7.0,path_1,7.0,path_1,7.0,path_1,7.0,path_1,7.0,path_1,7.0,path_1,7.0,path_1,7.0,60.0,0,0,0.0,0.0,0.0,0.0
84,80.00094366225234,path_1,8.0,path_1,8.0,path_1,8.0,path_1,8.0,path_1,8.0,path_1,8.0,path_1,8.0,path_1,8.0,path_1,8.0,path_1,8.0,70.0,0,0,0.0,0.0,0.0,0.0
85,90.00094366225234,path_1,9.0,path_1,9.0,path_1,9.0,path_1,9.0,path_1,9.0,path_1,9.0,path_1,9.0,path_1,9.0,path_1,9.0,path_1,9.0,80.0,0,0,0.0,0.0,0.0,0.0
86,100.00094366225234,path_1,10.0,path_1,10.0,path_1,10.0,path_1,10.0,path_1,10.0,path_1,10.0,path_1,10.0,path_1,10.0,path_1,10.0,path_1,10.0,90.0,0,0,0.0,0.0,0.0,0.0
87,50.00047183112617,path_1,5.0,path_1,5.0,path_1,5.0,path_1,5.0,path_1,5.0,path_1,5.0,path_1,5.0,path_1,5.0,path_1,5.0,path_1,5.0,100.0,0,0,0.0,0.0,0.0,0.0
88,60.00047183112617,path_1,6.0,path_1,6.0,path_1,6.0,path_1,6.0,path_1,6.0,path_1,6.0,path_1,6.0,path_1,6.0,path_1,6.0,path_1,6.0,50.0,0,0,0.0,0.0,0.0,0.0
89,70.00047183112616,path_1,7.0,path_1,7.0,path_1,7.0,path_1,7.0,path_1,7.0,path_1,7.0,path_1,7.0,path_1,7.0,path_1,7.0,path_1,7.0,60.0,0,0,0.0,0.0,0.0,0.0
90,80.00047183112616,path_1,8.0,path_1,8.0,path_1,8.0,path_1,8.0,path_1,8.0,path_1,8.0,path_1,8.0,path_1,8.0,path_1,8.0,path_1,8.0,70.0,0,0,0.0,0.0,0.0,0.0
91,90.00047183112616,path_1,9.0,path_1,9.0,path_1,9.0,path_1,9.0,path_1,9.0,path_1,9.0,path_1,9.0,path_1,9.0,path_1,9.0,path_1,9.0,80.0,0,0,0.0,0.0,0.0,0.0
92,100.00047183112616,path_1,10.0,path_1,10.0,path_1,10.0,path_1,10.0,path_1,10.0,path_1,10.0,path_1,10.0,path_1,10.0,path_1,10.0,path_1,10.0,90.0,0,0,0.0,0.0,0.0,0.0
93,50.00023591556308,path_1,5.0,path_1,5.0,path_1,5.0,path_1,5.0,path_1,5.0,path_1,5.0,path_1,5.0,path_1,5.0,path_1,5.0,path_1,5.0,100.0,0,0,0.0,0.0,0.0,0.0
94,60.00023591556308,path_1,6.0,path_1,6.0,path_1,6.0,path_1,6.0,path_1,6.0,path_1,6.0,path_1,6.0,path_1,6.0,path_1,6.0,path_1,6.0,50.0,0,0,0.0,0.0,0.0,0.0
95,70.00023591556308,path_1,7.0,path_1,7.0,path_1,7.0,path_1,7.0,path_1,7.0,path_1,7.0,path_1,7.0,path_1,7.0,path_1,7.0,path_1,7.0,60.0,0,0,0.0,0.0,0.0,0.0
96,80.00023591556308,path_1,8.0,path_1,8.0,path_1,8.0,path_1,8.0,path_1,8.0,path_1,8.0,path_1,8.0,path_1,8.0,path_1,8.0,path_1,8.0,70.0,0,0,0.0,0.0,0.0,0.0
97,90.00023591556308,path_1,9.0,path_1,9.0,path_1,9.0,path_1,9.0,path_1,9.0,path_1,9.0,path_1,9.0,path_1,9.0,path_1,9.0,path_1,9.0,80.0,0,0,0.0,0.0,0.0,0.0
98,100.00023591556308,path_1,10.0,path_1,10.0,path_1,10.0,path_1,10.0,path_1,10.0,path_1,10.0,path_1,10.0,path_1,10.0,path_1,10.0,path_1,10.0,90.0,0,0,0.0,0.0,0.0,0.0
99,50.00011795778154,path_1,5.0,path_1,5.0,path_1,5.0,path_1,5.0,path_1,5.0,path_1,5.0,path_1,5.0,path_1,5.0,path_1,5.0,path_1,5.0,100.0,0,0,0.0,0.0,0.0,0.0
100,60.00011795778154,path_1,6.0,path_1,6.0,path_1,6.0,path_1,6.0,path_1,6.0,path_1,6.0,path_1,6.0,path_1,6.0,path_1,6.0,path_1,6.0,50.0,0,0,0.0,0.0,0.0,0.0
101,70.00011795778154,path_1,7.0,path_1,7.0,path_1,7.0,path_1,7.0,path_1,7.0,path_1,7.0,path_1,7.0,path_1,7.0,path_1,7.0,path_1,7.0,60.0,0,0,0.0,0.0,0.0,0.0
102,80.00011795778154,path_1,8.0,path_1,8.0,path_1,8.0,path_1,8.0,path_1,8.0,path_1,8.0,path_1,8.0,path_1,8.0,path_1,8.0,path_1,8.0,70.0,0,0,0.0,0.0,0.0,0.0
103,90.00011795778154,path_1,9.0,path_1,9.0,path_1,9.0,path_1,9.0,path_1,9.0,path_1,9.0,path_1,9.0,path_1,9.0,path_1,9.0,path_1,9.0,80.0,0,0,0.0,0.0,0.0,0.0
104,100.00011795778154,path_1,10.0,path_1,10.0,path_1,10.0,path_1,10.0,path_1,10.0,path_1,10.0,path_1,10.0,path_1,10.0,path_1,10.0,path_1,10.0,90.0,0,0,0.0,0.0,0.0,0.0
105,50.00005897889077,path_1,5.0,path_1,5.0,path_1,5.0,path_1,5.0,path_1,5.0,path_1,5.0,path_1,5.0,path_1,5.0,path_1,5.0,path_1,5.0,100.0,0,0,0.0,0.0,0.0,0.0
106,60.00005897889077,path_1,6.0,path_1,6.0,path_1,6.0,path_1,6.0,path_1,6.0,path_1,6.0,path_1,6.0,path_1,6.0,path_1,6.0,path_1,6.0,50.0,0,0,0.0,0.0,0.0,0.0
107,70.00005897889078,path_1,7.0,path_1,7.0,path_1,7.0,path_1,7.0,path_1,7.0,path_1,7.0,path_1,7.0,path_1,7.0,path_1,7.0,path_1,7.0,60.0,0,0,0.0,0.0,0.0,0.0
108,80.00005897889078,path_1,8.0,path_1,8.0,path_1,8.0,path_1,8.0,path_1,8.0,path_1,8.0,path_1,8.0,path_1,8.0,path_1,8.0,path_1,8.0,70.0,0,0,0.0,0.0,0.0,0.0
109,90.00005897889078,path_1,9.0,path_1,9.0,path_1,9.0,path_1,9.0,path_1,9.0,path_1,9.0,path_1,9.0,path_1,9.0,path_1,9.0,path_1,9.0,80.0,0,0,0.0,0.0,0.0,0.0
110,100.00005897889078,path_1,10.0,path_1,10.0,path_1,10.0,path_1,10.0,path_1,10.0,path_1,10.0,path_1,10.0,path_1,10.0,path_1,10.0,path_1,10.0,90.0,0,0,0.0,0.0,0.0,0.0
111,50.00002948944539,path_1,5.0,path_1,5.0,path_1,5.0,path_1,5.0,path_1,5.0,path_1,5.0,path_1,5.0,path_1,5.0,path_1,5.0,path_1,5.0,100.0,0,0,0.0,0.0,0.0,0.0
112,60.00002948944539,path_1,6.0,path_1,6.0,path_1,6.0,path_1,6.0,path_1,6.0,path_1,6.0,path_1,6.0,path_1,6.0,path_1,6.0,path_1,6.0,50.0,0,0,0.0,0.0,0.0,0.0
113,70.00002948944538,path_1,7.0,path_1,7.0,path_1,7.0,path_1,7.0,path_1,7.0,path_1,7.0,path_1,7.0,path_1,7.0,path_1,7.0,path_1,7.0,60.0,0,0,0.0,0.0,0.0,0.0
114,80.00002948944538,path_1,8.0,path_1,8.0,path_1,8.0,path_1,8.0,path_1,8.0,path_1,8.0,path_1,8.0,path_1,8.0,path_1,8.0,path_1,8.0,70.0,0,0,0.0,0.0,0.0,0.0
115,90.00002948944538,path_1,9.0,path_1,9.0,path_1,9.0,path_1,9.0,path_1,9.0,path_1,9.0,path_1,9.0,path_1,9.0,path_1,9.0,path_1,9.0,80.0,0,0,0.0,0.0,0.0,0.0
116,100.00002948944538,path_1,10.0,path_1,10.0,path_1,10.0,path_1,10.0,path_1,10.0,path_1,10.0,path_1,10.0,path_1,10.0,path_1,10.0,path_1,10.0,90.0,0,0,0.0,0.0,0.0,0.0
117,50.00001474472269,path_1,5.0,path_1,5.0,path_1,5.0,path_1,5.0,path_1,5.0,path_1,5.0,path_1,5.0,path_1,5.0,path_1,5.0,path_1,5.0,100.0,0,0,0.0,0.0,0.0,0.0
118,60.00001474472269,path_1,6.0,path_1,6.0,path_1,6.0,path_1,6.0,path_1,6.0,path_1,6.0,path_1,6.0,path_1,6.0,path_1,6.0,path_1,6.0,50.0,0,0,0.0,0.0,0.0,0.0
119,70.00001474472269,path_1,7.0,path_1,7.0,path_1,7.0,path_1,7.0,path_1,7.0,path_1,7.0,path_1,7.0,path_1,7.0,path_1,7.0,path_1,7.0,60.0,0,0,0.0,0.0,0.0,0.0
120,80.00001474472269,path_1,8.0,path_1,8.0,path_1,8.0,path_1,8.0,path_1,8.0,path_1,8.0,path_1,8.0,path_1,8.0,path_1,8.0,path_1,8.0,70.0,0,0,0.0,0.0,0.0,0.0
121,90.00001474472269,path_1,9.0,path_1,9.0,path_1,9.0,path_1,9.0,path_1,9.0,path_1,9.0,path_1,9.0,path_1,9.0,path_1,9.0,path_1,9.0,80.0,0,0,0.0,0.0,0.0,0.0
122,100.00001474472269,path_1,10.0,path_1,10.0,path_1,10.0,path_1,10.0,path_1,10.0,path_1,10.0,path_1,10.0,path_1,10.0,path_1,10.0,path_1,10.0,90.0,0,0,0.0,0.0,0.0,0.0
123,50.000007372361345,path_1,5.0,path_1,5.0,path_1,5.0,path_1,5.0,path_1,5.0,path_1,5.0,path_1,5.0,path_1,5.0,path_1,5.0,path_1,5.0,100.0,0,0,0.0,0.0,0.0,0.0
124,60.000007372361345,path_1,6.0,path_1,6.0,path_1,6.0,path_1,6.0,path_1,6.0,path_1,6.0,path_1,6.0,path_1,6.0,path_1,6.0,path_1,6.0,50.0,0,0,0.0,0.0,0.0,0.0
125,70.00000737236135,path_1,7.0,path_1,7.0,path_1,7.0,path_1,7.0,path_1,7.0,path_1,7.0,path_1,7.0,path_1,7.0,path_1,7.0,path_1,7.0,60.0,0,0,0.0,0.0,0.0,0.0
126,80.00000737236135,path_1,8.0,path_1,8.0,path_1,8.0,path_1,8.0,path_1,8.0,path_1,8.0,path_1,8.0,path_1,8.0,path_1,8.0,path_1,8.0,70.0,0,0,0.0,0.0,0.0,0.0
127,90.00000737236135,path_1,9.0,path_1,9.0,path_1,9.0,path_1,9.0,path_1,9.0,path_1,9.0,path_1,9.0,path_1,9.0,path_1,9.0,path_1,9.0,80.0,0,0,0.0,0.0,0.0,0.0
128,100.00000737236135,path_1,10.0,path_1,10.0,path_1,10.0,path_1,10.0,path_1,10.0,path_1,10.0,path_1,10.0,path_1,10.0,path_1,10.0,path_1,10.0,90.0,0,0,0.0,0.0,0.0,0.0
129,50.000003686180676,path_1,5.0,path_1,5.0,path_1,5.0,path_1,5.0,path_1,5.0,path_1,5.0,path_1,5.0,path_1,5.0,path_1,5.0,path_1,5.0,100.0,0,0,0.0,0.0,0.0,0.0
130,60.000003686180676,path_1,6.0,path_1,6.0,path_1,6.0,path_1,6.0,path_1,6.0,path_1,6.0,path_1,6.0,path_1,6.0,path_1,6.0,path_1,6.0,50.0,0,0,0.0,0.0,0.0,0.0
131,70.00000368618068,path_1,7.0,path_1,7.0,path_1,7.0,path_1,7.0,path_1,7.0,path_1,7.0,path_1,7.0,path_1,7.0,path_1,7.0,path_1,7.0,60.0,0,0,0.0,0.0,0.0,0.0
132,80.00000368618068,path_1,8.0,path_1,8.0,path_1,8.0,path_1,8.0,path_1,8.0,path_1,8.0,path_1,8.0,path_1,8.0,path_1,8.0,path_1,8.0,70.0,0,0,0.0,0.0,0.0,0.0
133,90.00000368618068,path_1,9.0,path_1,9.0,path_1,9.0,path_1,9.0,path_1,9.0,path_1,9.0,path_1,9.0,path_1,9.0,path_1,9.0,path_1,9.0,80.0,0,0,0.0,0.0,0.0,0.0
134,100.00000368618068,path_1,10.0,path_1,10.0,path_1,10.0,path_1,10.0,path_1,10.0,path_1,10.0,path_1,10.0,path_1,10.0,path_1,10.0,path_1,10.0,90.0,0,0,0.0,0.0,0.0,0.0
135,50.00000184309034,path_1,5.0,path_1,5.0,path_1,5.0,path_1,5.0,path_1,5.0,path_1,5.0,path_1,5.0,path_1,5.0,path_1,5.0,path_1,5.0,100.0,0,0,0.0,0.0,0.0,0.0
136,60.00000184309034,path_1,6.0,path_1,6.0,path_1,6.0,path_1,6.0,path_1,6.0,path_1,6.0,path_1,6.0,path_1,6.0,path_1,6.0,path_1,6.0,50.0,0,0,0.0,0.0,0.0,0.0
137,70.00000184309033,path_1,7.0,path_1,7.0,path_1,7.0,path_1,7.0,path_1,7.0,path_1,7.0,path_1,7.0,path_1,7.0,path_1,7.0,path_1,7.0,60.0,0,0,0.0,0.0,0.0,0.0
138,80.00000184309033,path_1,8.0,path_1,8.0,path_1,8.0,path_1,8.0,path_1,8.0,path_1,8.0,path_1,8.0,path_1,8.0,path_1,8.0,path_1,8.0,70.0,0,0,0.0,0.0,0.0,0.0
139,90.00000184309033,path_1,9.0,path_1,9.0,path_1,9.0,path_1,9.0,path_1,9.0,path_1,9.0,path_1,9.0,path_1,9.0,path_1,9.0,path_1,9.0,80.0,0,0,0.0,0.0,0.0,0.0
140,100.00000184309033,path_1,10.0,path_1,10.0,path_1,10.0,path_1,10.0,path_1,10.0,path_1,10.0,path_1,10.0,path_1,10.0,path_1,10.0,path_1,10.0,90.0,0,0,0.0,0.0,0.0,0.0
141,50.000000921545166,path_1,5.0,path_1,5.0,path_1,5.0,path_1,5.0,path_1,5.0,path_1,5.0,path_1,5.0,path_1,5.0,path_1,5.0,path_1,5.0,100.0,0,0,0.0,0.0,0.0,0.0
142,60.000000921545166,path_1,6.0,path_1,6.0,path_1,6.0,path_1,6.0,path_1,6.0,path_1,6.0,path_1,6.0,path_1,6.0,path_1,6.0,path_1,6.0,50.0,0,0,0.0,0.0,0.0,0.0
143,70.00000092154517,path_1,7.0,path_1,7.0,path_1,7.0,path_1,7.0,path_1,7.0,path_1,7.0,path_1,7.0,path_1,7.0,path_1,7.0,path_1,7.0,60.0,0,0,0.0,0.0,0.0,0.0
144,80.00000092154517,path_1,8.0,path_1,8.0,path_1,8.0,path_1,8.0,path_1,8.0,path_1,8.0,path_1,8.0,path_1,8.0,path_1,8.0,path_1,8.0,70.0,0,0,0.0,0.0,0.0,0.0
145,90.00000092154517,path_1,9.0,path_1,9.0,path_1,9.0,path_1,9.0,path_1,9.0,path_1,9.0,path_1,9.0,path_1,9.0,path_1,9.0,path_1,9.0,80.0,0,0,0.0,0.0,0.0,0.0
146,100.00000092154517,path_1,10.0,path_1,10.0,path_1,10.0,path_1,10.0,path_1,10.0,path_1,10.0,path_1,10.0,path_1,10.0,path_1,10.0,path_1,10.0,90.0,0,0,0.0,0.0,0.0,0.0
147,50.00000046077258,path_1,5.0,path_1,5.0,path_1,5.0,path_1,5.0,path_1,5.0,path_1,5.0,path_1,5.0,path_1,5.0,path_1,5.0,path_1,5.0,100.0,0,0,0.0,0.0,0.0,0.0
148,60.00000046077258,path_1,6.0,path_1,6.0,path_1,6.0,path_1,6.0,path_1,6.0,path_1,6.0,path_1,6.0,path_1,6.0,path_1,6.0,path_1,6.0,50.0,0,0,0.0,0.0,0.0,0.0
149,70.00000046077258,path_1,7.0,path_1,7.0,path_1,7.0,path_1,7.0,path_1,7.0,path_1,7.0,path_1,7.0,path_1,7.0,path_1,7.0,path_1,7.0,60.0,0,0,0.0,0.0,0.0,0.0
150,80.00000046077258,path_1,8.0,path_1,8.0,path_1,8.0,path_1,8.0,path_1,8.0,path_1,8.0,path_1,8.0,path_1,8.0,path_1,8.0,path_1,8.0,70.0,0,0,0.0,0.0,0.0,0.0
151,90.00000046077258,path_1,9.0,path_1,9.0,path_1,9.0,path_1,9.0,path_1,9.0,path_1,9.0,path_1,9.0,path_1,9.0,path_1,9.0,path_1,9.0,80.0,0,0,0.0,0.0,0.0,0.0
152,100.00000046077258,path_1,10.0,path_1,10.0,path_1,10.0,path_1,10.0,path_1,10.0,path_1,10.0,path_1,10.0,path_1,10.0,path_1,10.0,path_1,10.0,90.0,0,0,0.0,0.0,0.0,0.0
153,50.00000023038629,path_1,5.0,path_1,5.0,path_1,5.0,path_1,5.0,path_1,5.0,path_1,5.0,path_1,5.0,path_1,5.0,path_1,5.0,path_1,5.0,100.0,0,0,0.0,0.0,0.0,0.0
154,60.00000023038629,path_1,6.0,path_1,6.0,path_1,6.0,path_1,6.0,path_1,6.0,path_1,6.0,path_1,6.0,path_1,6.0,path_1,6.0,path_1,6.0,50.0,0,0,0.0,0.0,0.0,0.0
155,70.00000023038629,path_1,7.0,path_1,7.0,path_1,7.0,path_1,7.0,path_1,7.0,path_1,7.0,path_1,7.0,path_1,7.0,path_1,7.0,path_1,7.0,60.0,0,0,0.0,0.0,0.0,0.0
156,80.00000023038629,path_1,8.0,path_1,8.0,path_1,8.0,path_1,8.0,path_1,8.0,path_1,8.0,path_1,8.0,path_1,8.0,path_1,8.0,path_1,8.0,70.0,0,0,0.0,0.0,0.0,0.0
157,90.00000023038629,path_1,9.0,path_1,9.0,path_1,9.0,path_1,9.0,path_1,9.0,path_1,9.0,path_1,9.0,path_1,9.0,path_1,9.0,path_1,9.0,80.0,0,0,0.0,0.0,0.0,0.0
158,100.00000023038629,path_1,10.0,path_1,10.0,path_1,10.0,path_1,10.0,path_1,10.0,path_1,10.0,path_1,10.0,path_1,10.0,path_1,10.0,path_1,10.0,90.0,0,0,0.0,0.0,0.0,0.0
159,50.000000115193146,path_1,5.0,path_1,5.0,path_1,5.0,path_1,5.0,path_1,5.0,path_1,5.0,path_1,5.0,path_1,5.0,path_1,5.0,path_1,5.0,100.0,0,0,0.0,0.0,0.0,0.0
160,60.000000115193146,path_1,6.0,path_1,6.0,path_1,6.0,path_1,6.0,path_1,6.0,path_1,6.0,path_1,6.0,path_1,6.0,path_1,6.0,path_1,6.0,50.0,0,0,0.0,0.0,0.0,0.0
161,70.00000011519315,path_1,7.0,path_1,7.0,path_1,7.0,path_1,7.0,path_1,7.0,path_1,7.0,path_1,7.0,path_1,7.0,path_1,7.0,path_1,7.0,60.0,0,0,0.0,0.0,0.0,0.0
162,80.00000011519315,path_1,8.0,path_1,8.0,path_1,8.0,path_1,8.0,path_1,8.0,path_1,8.0,path_1,8.0,path_1,8.0,path_1,8.0,path_1,8.0,70.0,0,0,0.0,0.0,0.0,0.0
163,90.00000011519315,path_1,9.0,path_1,9.0,path_1,9.0,path_1,9.0,path_1,9.0,path_1,9.0,path_1,9.0,path_1,9.0,path_1,9.0,path_1,9.0,80.0,0,0,0.0,0.0,0.0,0.0
164,100.00000011519315,path_1,10.0,path_1,10.0,path_1,10.0,path_1,10.0,path_1,10.0,path_1,10.0,path_1,10.0,path_1,10.0,path_1,10.0,path_1,10.0,90.0,0,0,0.0,0.0,0.0,0.0
165,50.00000005759657,path_1,5.0,path_1,5.0,path_1,5.0,path_1,5.0,path_1,5.0,path_1,5.0,path_1,5.0,path_1,5.0,path_1,5.0,path_1,5.0,100.0,0,0,0.0,0.0,0.0,0.0
166,60.00000005759657,path_1,6.0,path_1,6.0,path_1,6.0,path_1,6.0,path_1,6.0,path_1,6.0,path_1,6.0,path_1,6.0,path_1,6.0,path_1,6.0,50.0,0,0,0.0,0.0,0.0,0.0
167,70.00000005759657,path_1,7.0,path_1,7.0,path_1,7.0,path_1,7.0,path_1,7.0,path_1,7.0,path_1,7.0,path_1,7.0,path_1,7.0,path_1,7.0,60.0,0,0,0.0,0.0,0.0,0.0
168,80.00000005759657,path_1,8.0,path_1,8.0,path_1,8.0,path_1,8.0,path_1,8.0,path_1,8.0,path_1,8.0,path_1,8.0,path_1,8.0,path_1,8.0,70.0,0,0,0.0,0.0,0.0,0.0
169,90.00000005759657,path_1,9.0,path_1,9.0,path_1,9.0,path_1,9.0,path_1,9.0,path_1,9.0,path_1,9.0,path_1,9.0,path_1,9.0,path_1,9.0,80.0,0,0,0.0,0.0,0.0,0.0
170,100.00000005759657,path_1,10.0,path_1,10.0,path_1,10.0,path_1,10.0,path_1,10.0,path_1,10.0,path_1,10.0,path_1,10.0,path_1,10.0,path_1,10.0,90.0,0,0,0.0,0.0,0.0,0.0
171,50.00000002879828,path_1,5.0,path_1,5.0,path_1,5.0,path_1,5.0,path_1,5.0,path_1,5.0,path_1,5.0,path_1,5.0,path_1,5.0,path_1,5.0,100.0,0,0,0.0,0.0,0.0,0.0
172,60.00000002879828,path_1,6.0,path_1,6.0,path_1,6.0,path_1,6.0,path_1,6.0,path_1,6.0,path_1,6.0,path_1,6.0,path_1,6.0,path_1,6.0,50.0,0,0,0.0,0.0,0.0,0.0
173,70.00000002879828,path_1,7.0,path_1,7.0,path_1,7.0,path_1,7.0,path_1,7.0,path_1,7.0,path_1,7.0,path_1,7.0,path_1,7.0,path_1,7.0,60.0,0,0,0.0,0.0,0.0,0.0
174,80.00000002879828,path_1,8.0,path_1,8.0,path_1,8.0,path_1,8.0,path_1,8.0,path_1,8.0,path_1,8.0,path_1,8.0,path_1,8.0,path_1,8.0,70.0,0,0,0.0,0.0,0.0,0.0
175,90.00000002879828,path_1,9.0,path_1,9.0,path_1,9.0,path_1,9.0,path_1,9.0,path_1,9.0,path_1,9.0,path_1,9.0,path_1,9.0,path_1,9.0,80.0,0,0,0.0,0.0,0.0,0.0
176,100.00000002879828,path_1,10.0,path_1,10.0,path_1,10.0,path_1,10.0,path_1,10.0,path_1,10.0,path_1,10.0,path_1,10.0,path_1,10.0,path_1,10.0,90.0,0,0,0.0,0.0,0.0,0.0
177,50.00000001439914,path_1,5.0,path_1,5.0,path_1,5.0,path_1,5.0,path_1,5.0,path_1,5.0,path_1,5.0,path_1,5.0,path_1,5.0,path_1,5.0,100.0,0,0,0.0,0.0,0.0,0.0
178,60.00000001439914,path_1,6.0,path_1,6.0,path_1,6.0,path_1,6.0,path_1,6.0,path_1,6.0,path_1,6.0,path_1,6.0,path_1,6.0,path_1,6.0,50.0,0,0,0.0,0.0,0.0,0.0
179,70.00000001439915,path_1,7.0,path_1,7.0,path_1,7.0,path_1,7.0,path_1,7.0,path_1,7.0,path_1,7.0,path_1,7.0,path_1,7.0,path_1,7.0,60.0,0,0,0.0,0.0,0.0,0.0
180,80.00000001439915,path_1,8.0,path_1,8.0,path_1,8.0,path_1,8.0,path_1,8.0,path_1,8.0,path_1,8.0,path_1,8.0,path_1,8.0,path_1,8.0,70.0,0,0,0.0,0.0,0.0,0.0
181,90.00000001439915,path_1,9.0,path_1,9.0,path_1,9.0,path_1,9.0,path_1,9.0,path_1,9.0,path_1,9.0,path_1,9.0,path_1,9.0,path_1,9.0,80.0,0,0,0.0,0.0,0.0,0.0
182,100.00000001439915,path_1,10.0,path_1,10.0,path_1,10.0,path_1,10.0,path_1,10.0,path_1,10.0,path_1,10.0,path_1,10.0,path_1,10.0,path_1,10.0,90.0,0,0,0.0,0.0,0.0,0.0
183,50.000000007199574,path_1,5.0,path_1,5.0,path_1,5.0,path_1,5.0,path_1,5.0,path_1,5.0,path_1,5.0,path_1,5.0,path_1,5.0,path_1,5.0,100.0,0,0,0.0,0.0,0.0,0.0
184,60.000000007199574,path_1,6.0,path_1,6.0,path_1,6.0,path_1,6.0,path_1,6.0,path_1,6.0,path_1,6.0,path_1,6.0,path_1,6.0,path_1,6.0,50.0,0,0,0.0,0.0,0.0,0.0
185,70.00000000719957,path_1,7.0,path_1,7.0,path_1,7.0,path_1,7.0,path_1,7.0,path_1,7.0,path_1,7.0,path_1,7.0,path_1,7.0,path_1,7.0,60.0,0,0,0.0,0.0,0.0,0.0
186,80.00000000719957,path_1,8.0,path_1,8.0,path_1,8.0,path_1,8.0,path_1,8.0,path_1,8.0,path_1,8.0,path_1,8.0,path_1,8.0,path_1,8.0,70.0,0,0,0.0,0.0,0.0,0.0
187,90.00000000719957,path_1,9.0,path_1,9.0,path_1,9.0,path_1,9.0,path_1,9.0,path_1,9.0,path_1,9.0,path_1,9.0,path_1,9.0,path_1,9.0,80.0,0,0,0.0,0.0,0.0,0.0
188,100.00000000719957,path_1,10.0,path_1,10.0,path_1,10.0,path_1,10.0,path_1,10.0,path_1,10.0,path_1,10.0,path_1,10.0,path_1,10.0,path_1,10.0,90.0,0,0,0.0,0.0,0.0,0.0
189,50.00000000359979,path_1,5.0,path_1,5.0,path_1,5.0,path_1,5.0,path_1,5.0,path_1,5.0,path_1,5.0,path_1,5.0,path_1,5.0,path_1,5.0,100.0,0,0,0.0,0.0,0.0,0.0
190,60.00000000359979,path_1,6.0,path_1,6.0,path_1,6.0,path_1,6.0,path_1,6.0,path_1,6.0,path_1,6.0,path_1,6.0,path_1,6.0,path_1,6.0,50.0,0,0,0.0,0.0,0.0,0.0
191,70.00000000359978,path_1,7.0,path_1,7.0,path_1,7.0,path_1,7.0,path_1,7.0,path_1,7.0,path_1,7.0,path_1,7.0,path_1,7.0,path_1,7.0,60.0,0,0,0.0,0.0,0.0,0.0
192,80.00000000359978,path_1,8.0,path_1,8.0,path_1,8.0,path_1,8.0,path_1,8.0,path_1,8.0,path_1,8.0,path_1,8.0,path_1,8.0,path_1,8.0,70.0,0,0,0.0,0.0,0.0,0.0
193,90.00000000359978,path_1,9.0,path_1,9.0,path_1,9.0,path_1,9.0,path_1,9.0,path_1,9.0,path_1,9.0,path_1,9.0,path_1,9.0,path_1,9.0,80.0,0,0,0.0,0.0,0.0,0.0
194,100.00000000359978,path_1,10.0,path_1,10.0,path_1,10.0,path_1,10.0,path_1,10.0,path_1,10.0,path_1,10.0,path_1,10.0,path_1,10.0,path_1,10.0,90.0,0,0,0.0,0.0,0.0,0.0
195,50.00000000179989,path_1,5.0,path_1,5.0,path_1,5.0,path_1,5.0,path_1,5.0,path_1,5.0,path_1,5.0,path_1,5.0,path_1,5.0,path_1,5.0,100.0,0,0,0.0,0.0,0.0,0.0
196,60.00000000179989,path_1,6.0,path_1,6.0,path_1,6.0,path_1,6.0,path_1,6.0,path_1,6.0,path_1,6.0,path_1,6.0,path_1,6.0,path_1,6.0,50.0,0,0,0.0,0.0,0.0,0.0
197,70.00000000179989,path_1,7.0,path_1,7.0,path_1,7.0,path_1,7.0,path_1,7.0,path_1,7.0,path_1,7.0,path_1,7.0,path_1,7.0,path_1,7.0,60.0,0,0,0.0,0.0,0.0,0.0
198,80.00000000179989,path_1,8.0,path_1,8.0,path_1,8.0,path_1,8.0,path_1,8.0,path_1,8.0,path_1,8.0,path_1,8.0,path_1,8.0,path_1,8.0,70.0,0,0,0.0,0.0,0.0,0.0
199,90.00000000179989,path_1,9.0,path_1,9.0,path_1,9.0,path_1,9.0,path_1,9.0,path_1,9.0,path_1,9.0,path_1,9.0,path_1,9.0,path_1,9.0,80.0,0,0,0.0,0.0,0.0,0.0
200,100.00000000179989,path_1,10.0,path_1,10.0,path_1,10.0,path_1,10.0,path_1,10.0,path_1,10.0,path_1,10.0,path_1,10.0,path_1,10.0,path_1,10.0,90.0,0,0,0.0,0.0,0.0,0.0
201,50.000000000899945,path_1,5.0,path_1,5.0,path_1,5.0,path_1,5.0,path_1,5.0,path_1,5.0,path_1,5.0,path_1,5.0,path_1,5.0,path_1,5.0,100.0,0,0,0.0,0.0,0.0,0.0
202,60.000000000899945,path_1,6.0,path_1,6.0,path_1,6.0,path_1,6.0,path_1,6.0,path_1,6.0,path_1,6.0,path_1,6.0,path_1,6.0,path_1,6.0,50.0,0,0,0.0,0.0,0.0,0.0
203,70.00000000089995,path_1,7.0,path_1,7.0,path_1,7.0,path_1,7.0,path_1,7.0,path_1,7.0,path_1,7.0,path_1,7.0,path_1,7.0,path_1,7.0,60.0,0,0,0.0,0.0,0.0,0.0
204,80.00000000089995,path_1,8.0,path_1,8.0,path_1,8.0,path_1,8.0,path_1,8.0,path_1,8.0,path_1,8.0,path_1,8.0,path_1,8.0,path_1,8.0,70.0,0,0,0.0,0.0,0.0,0.0
205,90.00000000089995,path_1,9.0,path_1,9.0,path_1,9.0,path_1,9.0,path_1,9.0,path_1,9.0,path_1,9.0,path_1,9.0,path_1,9.0,path_1,9.0,80.0,0,0,0.0,0.0,0.0,0.0
206,100.00000000089995,path_1,10.0,path_1,10.0,path_1,10.0,path_1,10.0,path_1,10.0,path_1,10.0,path_1,10.0,path_1,10.0,path_1,10.0,path_1,10.0,90.0,0,0,0.0,0.0,0.0,0.0
207,50.00000000044997,path_1,5.0,path_1,5.0,path_1,5.0,path_1,5.0,path_1,5.0,path_1,5.0,path_1,5.0,path_1,5.0,path_1,5.0,path_1,5.0,100.0,0,0,0.0,0.0,0.0,0.0
208,60.00000000044997,path_1,6.0,path_1,6.0,path_1,6.0,path_1,6.0,path_1,6.0,path_1,6.0,path_1,6.0,path_1,6.0,path_1,6.0,path_1,6.0,50.0,0,0,0.0,0.0,0.0,0.0
209,70.00000000044997,path_1,7.0,path_1,7.0,path_1,7.0,path_1,7.0,path_1,7.0,path_1,7.0,path_1,7.0,path_1,7.0,path_1,7.0,path_1,7.0,60.0,0,0,0.0,0.0,0.0,0.0
210,80.00000000044997,path_1,8.0,path_1,8.0,path_1,8.0,path_1,8.0,path_1,8.0,path_1,8.0,path_1,8.0,path_1,8.0,path_1,8.0,path_1,8.0,70.0,0,0,0.0,0.0,0.0,0.0
211,90.00000000044997,path_1,9.0,path_1,9.0,path_1,9.0,path_1,9.0,path_1,9.0,path_1,9.0,path_1,9.0,path_1,9.0,path_1,9.0,path_1,9.0,80.0,0,0,0.0,0.0,0.0,0.0
212,100.00000000044997,path_1,10.0,path_1,10.0,path_1,10.0,path_1,10.0,path_1,10.0,path_1,10.0,path_1,10.0,path_1,10.0,path_1,10.0,path_1,10.0,90.0,0,0,0.0,0.0,0.0,0.0
213,50.000000000224986,path_1,5.0,path_1,5.0,path_1,5.0,path_1,5.0,path_1,5.0,path_1,5.0,path_1,5.0,path_1,5.0,path_1,5.0,path_1,5.0,100.0,0,0,0.0,0.0,0.0,0.0
214,60.000000000224986,path_1,6.0,path_1,6.0,path_1,6.0,path_1,6.0,path_1,6.0,path_1,6.0,path_1,6.0,path_1,6.0,path_1,6.0,path_1,6.0,50.0,0,0,0.0,0.0,0.0,0.0
215,70.00000000022499,path_1,7.0,path_1,7.0,path_1,7.0,path_1,7.0,path_1,7.0,path_1,7.0,path_1,7.0,path_1,7.0,path_1,7.0,path_1,7.0,60.0,0,0,0.0,0.0,0.0,0.0
216,80.00000000022499,path_1,8.0,path_1,8.0,path_1,8.0,path_1,8.0,path_1,8.0,path_1,8.0,path_1,8.0,path_1,8.0,path_1,8.0,path_1,8.0,70.0,0,0,0.0,0.0,0.0,0.0
217,90.00000000022499,path_1,9.0,path_1,9.0,path_1,9.0,path_1,9.0,path_1,9.0,path_1,9.0,path_1,9.0,path_1,9.0,path_1,9.0,path_1,9.0,80.0,0,0,0.0,0.0,0.0,0.0
218,100.00000000022499,path_1,10.0,path_1,10.0,path_1,10.0,path_1,10.0,path_1,10.0,path_1,10.0,path_1,10.0,path_1,10.0,path_1,10.0,path_1,10.0,90.0,0,0,0.0,0.0,0.0,0.0
219,50.00000000011249,path_1,5.0,path_1,5.0,path_1,5.0,path_1,5.0,path_1,5.0,path_1,5.0,path_1,5.0,path_1,5.0,path_1,5.0,path_1,5.0,100.0,0,0,0.0,0.0,0.0,0.0
220,60.00000000011249,path_1,6.0,path_1,6.0,path_1,6.0,path_1,6.0,path_1,6.0,path_1,6.0,path_1,6.0,path_1,6.0,path_1,6.0,path_1,6.0,50.0,0,0,0.0,0.0,0.0,0.0
221,70.0000000001125,path_1,7.0,path_1,7.0,path_1,7.0,path_1,7.0,path_1,7.0,path_1,7.0,path_1,7.0,path_1,7.0,path_1,7.0,path_1,7.0,60.0,0,0,0.0,0.0,0.0,0.0
222,80.0000000001125,path_1,8.0,path_1,8.0,path_1,8.0,path_1,8.0,path_1,8.0,path_1,8.0,path_1,8.0,path_1,8.0,path_1,8.0,path_1,8.0,70.0,0,0,0.0,0.0,0.0,0.0
223,90.0000000001125,path_1,9.0,path_1,9.0,path_1,9.0,path_1,9.0,path_1,9.0,path_1,9.0,path_1,9.0,path_1,9.0,path_1,9.0,path_1,9.0,80.0,0,0,0.0,0.0,0.0,0.0
224,100.0000000001125,path_1,10.0,path_1,10.0,path_1,10.0,path_1,10.0,path_1,10.0,path_1,10.0,path_1,10.0,path_1,10.0,path_1,10.0,path_1,10.0,90.0,0,0,0.0,0.0,0.0,0.0
225,50.00000000005625,path_1,5.0,path_1,5.0,path_1,5.0,path_1,5.0,path_1,5.0,path_1,5.0,path_1,5.0,path_1,5.0,path_1,5.0,path_1,5.0,100.0,0,0,0.0,0.0,0.0,0.0
226,60.00000000005625,path_1,6.0,path_1,6.0,path_1,6.0,path_1,6.0,path_1,6.0,path_1,6.0,path_1,6.0,path_1,6.0,path_1,6.0,path_1,6.0,50.0,0,0,0.0,0.0,0.0,0.0
227,70.00000000005625,path_1,7.0,path_1,7.0,path_1,7.0,path_1,7.0,path_1,7.0,path_1,7.0,path_1,7.0,path_1,7.0,path_1,7.0,path_1,7.0,60.0,0,0,0.0,0.0,0.0,0.0
228,80.00000000005625,path_1,8.0,path_1,8.0,path_1,8.0,path_1,8.0,path_1,8.0,path_1,8.0,path_1,8.0,path_1,8.0,path_1,8.0,path_1,8.0,70.0,0,0,0.0,0.0,0.0,0.0
229,90.00000000005625,path_1,9.0,path_1,9.0,path_1,9.0,path_1,9.0,path_1,9.0,path_1,9.0,path_1,9.0,path_1,9.0,path_1,9.0,path_1,9.0,80.0,0,0,0.0,0.0,0.0,0.0
230,100.00000000005625,path_1,10.0,path_1,10.0,path_1,10.0,path_1,10.0,path_1,10.0,path_1,10.0,path_1,10.0,path_1,10.0,path_1,10.0,path_1,10.0,90.0,0,0,0.0,0.0,0.0,0.0
231,50.00000000002812,path_1,5.0,path_1,5.0,path_1,5.0,path_1,5.0,path_1,5.0,path_1,5.0,path_1,5.0,path_1,5.0,path_1,5.0,path_1,5.0,100.0,0,0,0.0,0.0,0.0,0.0
232,60.00000000002812,path_1,6.0,path_1,6.0,path_1,6.0,path_1,6.0,path_1,6.0,path_1,6.0,path_1,6.0,path_1,6.0,path_1,6.0,path_1,6.0,50.0,0,0,0.0,0.0,0.0,0.0
233,70.00000000002812,path_1,7.0,path_1,7.0,path_1,7.0,path_1,7.0,path_1,7.0,path_1,7.0,path_1,7.0,path_1,7.0,path_1,7.0,path_1,7.0,60.0,0,0,0.0,0.0,0.0,0.0
234,80.00000000002812,path_1,8.0,path_1,8.0,path_1,8.0,path_1,8.0,path_1,8.0,path_1,8.0,path_1,8.0,path_1,8.0,path_1,8.0,path_1,8.0,70.0,0,0,0.0,0.0,0.0,0.0
235,90.00000000002812,path_1,9.0,path_1,9.0,path_1,9.0,path_1,9.0,path_1,9.0,path_1,9.0,path_1,9.0,path_1,9.0,path_1,9.0,path_1,9.0,80.0,0,0,0.0,0.0,0.0,0.0
236,100.00000000002812,path_1,10.0,path_1,10.0,path_1,10.0,path_1,10.0,path_1,10.0,path_1,10.0,path_1,10.0,path_1,10.0,path_1,10.0,path_1,10.0,90.0,0,0,0.0,0.0,0.0,0.0
237,50.00000000001406,path_1,5.0,path_1,5.0,path_1,5.0,path_1,5.0,path_1,5.0,path_1,5.0,path_1,5.0,path_1,5.0,path_1,5.0,path_1,5.0,100.0,0,0,0.0,0.0,0.0,0.0
238,60.00000000001406,path_1,6.0,path_1,6.0,path_1,6.0,path_1,6.0,path_1,6.0,path_1,6.0,path_1,6.0,path_1,6.0,path_1,6.0,path_1,6.0,50.0,0,0,0.0,0.0,0.0,0.0
239,70.00000000001407,path_1,7.0,path_1,7.0,path_1,7.0,path_1,7.0,path_1,7.0,path_1,7.0,path_1,7.0,path_1,7.0,path_1,7.0,path_1,7.0,60.0,0,0,0.0,0.0,0.0,0.0
240,80.00000000001407,path_1,8.0,path_1,8.0,path_1,8.0,path_1,8.0,path_1,8.0,path_1,8.0,path_1,8.0,path_1,8.0,path_1,8.0,path_1,8.0,70.0,0,0,0.0,0.0,0.0,0.0
241,90.00000000001407,path_1,9.0,path_1,9.0,path_1,9.0,path_1,9.0,path_1,9.0,path_1,9.0,path_1,9.0,path_1,9.0,path_1,9.0,path_1,9.0,80.0,0,0,0.0,0.0,0.0,0.0
242,100.00000000001407,path_1,10.0,path_1,10.0,path_1,10.0,path_1,10.0,path_1,10.0,path_1,10.0,path_1,10.0,path_1,10.0,path_1,10.0,path_1,10.0,90.0,0,0,0.0,0.0,0.0,0.0
243,50.000000000007034,path_1,5.0,path_1,5.0,path_1,5.0,path_1,5.0,path_1,5.0,path_1,5.0,path_1,5.0,path_1,5.0,path_1,5.0,path_1,5.0,100.0,0,0,0.0,0.0,0.0,0.0
244,60.000000000007034,path_1,6.0,path_1,6.0,path_1,6.0,path_1,6.0,path_1,6.0,path_1,6.0,path_1,6.0,path_1,6.0,path_1,6.0,path_1,6.0,50.0,0,0,0.0,0.0,0.0,0.0
245,70.00000000000703,path_1,7.0,path_1,7.0,path_1,7.0,path_1,7.0,path_1,7.0,path_1,7.0,path_1,7.0,path_1,7.0,path_1,7.0,path_1,7.0,60.0,0,0,0.0,0.0,0.0,0.0
246,80.00000000000703,path_1,8.0,path_1,8.0,path_1,8.0,path_1,8.0,path_1,8.0,path_1,8.0,path_1,8.0,path_1,8.0,path_1,8.0,path_1,8.0,70.0,0,0,0.0,0.0,0.0,0.0
247,90.00000000000703,path_1,9.0,path_1,9.0,path_1,9.0,path_1,9.0,path_1,9.0,path_1,9.0,path_1,9.0,path_1,9.0,path_1,9.0,path_1,9.0,80.0,0,0,0.0,0.0,0.0,0.0
248,100.00000000000703,path_1,10.0,path_1,10.0,path_1,10.0,path_1,10.0,path_1,10.0,path_1,10.0,path_1,10.0,path_1,10.0,path_1,10.0,path_1,10.0,90.0,0,0,0.0,0.0,0.0,0.0
249,50.00000000000352,path_1,5.0,path_1,5.0,path_1,5.0,path_1,5.0,path_1,5.0,path_1,5.0,path_1,5.0,path_1,5.0,path_1,5.0,path_1,5.0,100.0,0,0,0.0,0.0,0.0,0.0
250,60.00000000000352,path_1,6.0,path_1,6.0,path_1,6.0,path_1,6.0,path_1,6.0,path_1,6.0,path_1,6.0,path_1,6.0,path_1,6.0,path_1,6.0,50.0,0,0,0.0,0.0,0.0,0.0
251,70.00000000000351,path_1,7.0,path_1,7.0,path_1,7.0,path_1,7.0,path_1,7.0,path_1,7.0,path_1,7.0,path_1,7.0,path_1,7.0,path_1,7.0,60.0,0,0,0.0,0.0,0.0,0.0
252,80.00000000000351,path_1,8.0,path_1,8.0,path_1,8.0,path_1,8.0,path_1,8.0,path_1,8.0,path_1,8.0,path_1,8.0,path_1,8.0,path_1,8.0,70.0,0,0,0.0,0.0,0.0,0.0
253,90.00000000000351,path_1,9.0,path_1,9.0,path_1,9.0,path_1,9.0,path_1,9.0,path_1,9.0,path_1,9.0,path_1,9.0,path_1,9.0,path_1,9.0,80.0,0,0,0.0,0.0,0.0,0.0
254,100.00000000000351,path_1,10.0,path_1,10.0,path_1,10.0,path_1,10.0,path_1,10.0,path_1,10.0,path_1,10.0,path_1,10.0,path_1,10.0,path_1,10.0,90.0,0,0,0.0,0.0,0.0,0.0
255,50.000000000001755,path_1,5.0,path_1,5.0,path_1,5.0,path_1,5.0,path_1,5.0,path_1,5.0,path_1,5.0,path_1,5.0,path_1,5.0,path_1,5.0,100.0,0,0,0.0,0.0,0.0,0.0
256,60.000000000001755,path_1,6.0,path_1,6.0,path_1,6.0,path_1,6.0,path_1,6.0,path_1,6.0,path_1,6.0,path_1,6.0,path_1,6.0,path_1,6.0,50.0,0,0,0.0,0.0,0.0,0.0
257,70.00000000000176,path_1,7.0,path_1,7.0,path_1,7.0,path_1,7.0,path_1,7.0,path_1,7.0,path_1,7.0,path_1,7.0,path_1,7.0,path_1,7.0,60.0,0,0,0.0,0.0,0.0,0.0
258,80.00000000000176,path_1,8.0,path_1,8.0,path_1,8.0,path_1,8.0,path_1,8.0,path_1,8.0,path_1,8.0,path_1,8.0,path_1,8.0,path_1,8.0,70.0,0,0,0.0,0.0,0.0,0.0
259,90.00000000000176,path_1,9.0,path_1,9.0,path_1,9.0,path_1,9.0,path_1,9.0,path_1,9.0,path_1,9.0,path_1,9.0,path_1,9.0,path_1,9.0,80.0,0,0,0.0,0.0,0.0,0.0
260,100.00000000000176,path_1,10.0,path_1,10.0,path_1,10.0,path_1,10.0,path_1,10.0,path_1,10.0,path_1,10.0,path_1,10.0,path_1,10.0,path_1,10.0,90.0,0,0,0.0,0.0,0.0,0.0
261,50.00000000000088,path_1,5.0,path_1,5.0,path_1,5.0,path_1,5.0,path_1,5.0,path_1,5.0,path_1,5.0,path_1,5.0,path_1,5.0,path_1,5.0,100.0,0,0,0.0,0.0,0.0,0.0
262,60.00000000000088,path_1,6.0,path_1,6.0,path_1,6.0,path_1,6.0,path_1,6.0,path_1,6.0,path_1,6.0,path_1,6.0,path_1,6.0,path_1,6.0,50.0,0,0,0.0,0.0,0.0,0.0
263,70.00000000000088,path_1,7.0,path_1,7.0,path_1,7.0,path_1,7.0,path_1,7.0,path_1,7.0,path_1,7.0,path_1,7.0,path_1,7.0,path_1,7.0,60.0,0,0,0.0,0.0,0.0,0.0
264,80.00000000000088,path_1,8.0,path_1,8.0,path_1,8.0,path_1,8.0,path_1,8.0,path_1,8.0,path_1,8.0,path_1,8.0,path_1,8.0,path_1,8.0,70.0,0,0,0.0,0.0,0.0,0.0
265,90.00000000000088,path_1,9.0,path_1,9.0,path_1,9.0,path_1,9.0,path_1,9.0,path_1,9.0,path_1,9.0,path_1,9.0,path_1,9.0,path_1,9.0,80.0,0,0,0.0,0.0,0.0,0.0
266,100.00000000000088,path_1,10.0,path_1,10.0,path_1,10.0,path_1,10.0,path_1,10.0,path_1,10.0,path_1,10.0,path_1,10.0,path_1,10.0,path_1,10.0,90.0,0,0,0.0,0.0,0.0,0.0
267,50.00000000000044,path_1,5.0,path_1,5.0,path_1,5.0,path_1,5.0,path_1,5.0,path_1,5.0,path_1,5.0,path_1,5.0,path_1,5.0,path_1,5.0,100.0,0,0,0.0,0.0,0.0,0.0
268,60.00000000000044,path_1,6.0,path_1,6.0,path_1,6.0,path_1,6.0,path_1,6.0,path_1,6.0,path_1,6.0,path_1,6.0,path_1,6.0,path_1,6.0,50.0,0,0,0.0,0.0,0.0,0.0
269,70.00000000000044,path_1,7.0,path_1,7.0,path_1,7.0,path_1,7.0,path_1,7.0,path_1,7.0,path_1,7.0,path_1,7.0,path_1,7.0,path_1,7.0,60.0,0,0,0.0,0.0,0.0,0.0
270,80.00000000000044,path_1,8.0,path_1,8.0,path_1,8.0,path_1,8.0,path_1,8.0,path_1,8.0,path_1,8.0,path_1,8.0,path_1,8.0,path_1,8.0,70.0,0,0,0.0,0.0,0.0,0.0
271,90.00000000000044,path_1,9.0,path_1,9.0,path_1,9.0,path_1,9.0,path_1,9.0,path_1,9.0,path_1,9.0,path_1,9.0,path_1,9.0,path_1,9.0,80.0,0,0,0.0,0.0,0.0,0.0
272,100.00000000000044,path_1,10.0,path_1,10.0,path_1,10.0,path_1,10.0,path_1,10.0,path_1,10.0,path_1,10.0,path_1,10.0,path_1,10.0,path_1,10.0,90.0,0,0,0.0,0.0,0.0,0.0
273,50.00000000000022,path_1,5.0,path_1,5.0,path_1,5.0,path_1,5.0,path_1,5.0,path_1,5.0,path_1,5.0,path_1,5.0,path_1,5.0,path_1,5.0,100.0,0,0,0.0,0.0,0.0,0.0
274,60.00000000000022,path_1,6.0,path_1,6.0,path_1,6.0,path_1,6.0,path_1,6.0,path_1,6.0,path_1,6.0,path_1,6.0,path_1,6.0,path_1,6.0,50.0,0,0,0.0,0.0,0.0,0.0
275,70.00000000000023,path_1,7.0,path_1,7.0,path_1,7.0,path_1,7.0,path_1,7.0,path_1,7.0,path_1,7.0,path_1,7.0,path_1,7.0,path_1,7.0,60.0,0,0,0.0,0.0,0.0,0.0
276,80.00000000000023,path_1,8.0,path_1,8.0,path_1,8.0,path_1,8.0,path_1,8.0,path_1,8.0,path_1,8.0,path_1,8.0,path_1,8.0,path_1,8.0,70.0,0,0,0.0,0.0,0.0,0.0
277,90.00000000000023,path_1,9.0,path_1,9.0,path_1,9.0,path_1,9.0,path_1,9.0,path_1,9.0,path_1,9.0,path_1,9.0,path_1,9.0,path_1,9.0,80.0,0,0,0.0,0.0,0.0,0.0
278,100.00000000000023,path_1,10.0,path_1,10.0,path_1,10.0,path_1,10.0,path_1,10.0,path_1,10.0,path_1,10.0,path_1,10.0,path_1,10.0,path_1,10.0,90.0,0,0,0.0,0.0,0.0,0.0
279,50.000000000000114,path_1,5.0,path_1,5.0,path_1,5.0,path_1,5.0,path_1,5.0,path_1,5.0,path_1,5.0,path_1,5.0,path_1,5.0,path_1,5.0,100.0,0,0,0.0,0.0,0.0,0.0
280,60.000000000000114,path_1,6.0,path_1,6.0,path_1,6.0,path_1,6.0,path_1,6.0,path_1,6.0,path_1,6.0,path_1,6.0,path_1,6.0,path_1,6.0,50.0,0,0,0.0,0.0,0.0,0.0
281,70.00000000000011,path_1,7.0,path_1,7.0,path_1,7.0,path_1,7.0,path_1,7.0,path_1,7.0,path_1,7.0,path_1,7.0,path_1,7.0,path_1,7.0,60.0,0,0,0.0,0.0,0.0,0.0
282,80.00000000000011,path_1,8.0,path_1,8.0,path_1,8.0,path_1,8.0,path_1,8.0,path_1,8.0,path_1,8.0,path_1,8.0,path_1,8.0,path_1,8.0,70.0,0,0,0.0,0.0,0.0,0.0
283,90.00000000000011,path_1,9.0,path_1,9.0,path_1,9.0,path_1,9.0,path_1,9.0,path_1,9.0,path_1,9.0,path_1,9.0,path_1,9.0,path_1,9.0,80.0,0,0,0.0,0.0,0.0,0.0
284,100.00000000000011,path_1,10.0,path_1,10.0,path_1,10.0,path_1,10.0,path_1,10.0,path_1,10.0,path_1,10.0,path_1,10.0,path_1,10.0,path_1,10.0,90.0,0,0,0.0,0.0,0.0,0.0
285,50.00000000000006,path_1,5.0,path_1,5.0,path_1,5.0,path_1,5.0,path_1,5.0,path_1,5.0,path_1,5.0,path_1,5.0,path_1,5.0,path_1,5.0,100.0,0,0,0.0,0.0,0.0,0.0
286,60.00000000000006,path_1,6.0,path_1,6.0,path_1,6.0,path_1,6.0,path_1,6.0,path_1,6.0,path_1,6.0,path_1,6.0,path_1,6.0,path_1,6.0,50.0,0,0,0.0,0.0,0.0,0.0
287,70.00000000000006,path_1,7.0,path_1,7.0,path_1,7.0,path_1,7.0,path_1,7.0,path_1,7.0,path_1,7.0,path_1,7.0,path_1,7.0,path_1,7.0,60.0,0,0,0.0,0.0,0.0,0.0
288,80.00000000000006,path_1,8.0,path_1,8.0,path_1,8.0,path_1,8.0,path_1,8.0,path_1,8.0,path_1,8.0,path_1,8.0,path_1,8.0,path_1,8.0,70.0,0,0,0.0,0.0,0.0,0.0
289,90.00000000000006,path_1,9.0,path_1,9.0,path_1,9.0,path_1,9.0,path_1,9.0,path_1,9.0,path_1,9.0,path_1,9.0,path_1,9.0,path_1,9.0,80.0,0,0,0.0,0.0,0.0,0.0
290,100.00000000000006,path_1,10.0,path_1,10.0,path_1,10.0,path_1,10.0,path_1,10.0,path_1,10.0,path_1,10.0,path_1,10.0,path_1,10.0,path_1,10.0,90.0,0,0,0.0,0.0,0.0,0.0
291,50.00000000000003,path_1,5.0,path_1,5.0,path_1,5.0,path_1,5.0,path_1,5.0,path_1,5.0,path_1,5.0,path_1,5.0,path_1,5.0,path_1,5.0,100.0,0,0,0.0,0.0,0.0,0.0
292,60.00000000000003,path_1,6.0,path_1,6.0,path_1,6.0,path_1,6.0,path_1,6.0,path_1,6.0,path_1,6.0,path_1,6.0,path_1,6.0,path_1,6.0,50.0,0,0,0.0,0.0,0.0,0.0
293,70.00000000000003,path_1,7.0,path_1,7.0,path_1,7.0,path_1,7.0,path_1,7.0,path_1,7.0,path_1,7.0,path_1,7.0,path_1,7.0,path_1,7.0,60.0,0,0,0.0,0.0,0.0,0.0
294,80.00000000000003,path_1,8.0,path_1,8.0,path_1,8.0,path_1,8.0,path_1,8.0,path_1,8.0,path_1,8.0,path_1,8.0,path_1,8.0,path_1,8.0,70.0,0,0,0.0,0.0,0.0,0.0
295,90.00000000000003,path_1,9.0,path_1,9.0,path_1,9.0,path_1,9.0,path_1,9.0,path_1,9.0,path_1,9.0,path_1,9.0,path_1,9.0,path_1,9.0,80.0,0,0,0.0,0.0,0.0,0.0
296,100.00000000000003,path_1,10.0,path_1,10.0,path_1,10.0,path_1,10.0,path_1,10.0,path_1,10.0,path_1,10.0,path_1,10.0,path_1,10.0,path_1,10.0,90.0,0,0,0.0,0.0,0.0,0.0
297,50.000000000000014,path_1,5.0,path_1,5.0,path_1,5.0,path_1,5.0,path_1,5.0,path_1,5.0,path_1,5.0,path_1,5.0,path_1,5.0,path_1,5.0,100.0,0,0,0.0,0.0,0.0,0.0
298,60.000000000000014,path_1,6.0,path_1,6.0,path_1,6.0,path_1,6.0,path_1,6.0,path_1,6.0,path_1,6.0,path_1,6.0,path_1,6.0,path_1,6.0,50.0,0,0,0.0,0.0,0.0,0.0
299,70.00000000000001,path_1,7.0,path_1,7.0,path_1,7.0,path_1,7.0,path_1,7.0,path_1,7.0,path_1,7.0,path_1,7.0,path_1,7.0,path_1,7.0,60.0,0,0,0.0,0.0,0.0,0.0
