timestep,total_throughput,agent_0_path,agent_0_cwnd,agent_1_path,agent_1_cwnd,agent_2_path,agent_2_cwnd,agent_3_path,agent_3_cwnd,agent_4_path,agent_4_cwnd,agent_5_path,agent_5_cwnd,agent_6_path,agent_6_cwnd,agent_7_path,agent_7_cwnd,agent_8_path,agent_8_cwnd,agent_9_path,agent_9_cwnd,agent_10_path,agent_10_cwnd,agent_11_path,agent_11_cwnd,agent_12_path,agent_12_cwnd,agent_13_path,agent_13_cwnd,agent_14_path,agent_14_cwnd,agent_15_path,agent_15_cwnd,agent_16_path,agent_16_cwnd,agent_17_path,agent_17_cwnd,agent_18_path,agent_18_cwnd,agent_19_path,agent_19_cwnd,agent_20_path,agent_20_cwnd,agent_21_path,agent_21_cwnd,agent_22_path,agent_22_cwnd,agent_23_path,agent_23_cwnd,agent_24_path,agent_24_cwnd,path_1_load,path_2_load,path_3_load,path_1_loss,path_2_loss,path_3_loss,total_loss
0,60.125251958889905,path_1,2.0,path_1,2.42,path_1,5.7,path_1,2.0,path_1,2.0,path_1,2.0,path_1,2.0,path_1,2.0,path_1,2.0,path_1,2.0,path_1,2.0,path_1,2.0,path_1,2.0,path_1,2.0,path_1,4.57,path_1,2.0,path_1,2.0,path_1,2.0,path_1,2.0,path_1,3.54,path_1,2.0,path_1,2.0,path_1,2.0,path_1,2.0,path_1,3.89,15.13,32.28,22.15,0.0,0.0,0.0,0.0
1,85.1252519588899,path_1,3.0,path_1,3.42,path_1,6.7,path_1,3.0,path_1,3.0,path_1,3.0,path_1,3.0,path_1,3.0,path_1,3.0,path_1,3.0,path_1,3.0,path_1,3.0,path_1,3.0,path_1,3.0,path_1,5.57,path_1,3.0,path_1,3.0,path_1,3.0,path_1,3.0,path_1,4.54,path_1,3.0,path_1,3.0,path_1,3.0,path_1,3.0,path_1,4.89,60.13,0,0,0.0,0.0,0.0,0.0
2,110.1252519588899,path_1,4.0,path_1,4.42,path_1,7.7,path_1,4.0,path_1,4.0,path_1,4.0,path_1,4.0,path_1,4.0,path_1,4.0,path_1,4.0,path_1,4.0,path_1,4.0,path_1,4.0,path_1,4.0,path_1,6.57,path_1,4.0,path_1,4.0,path_1,4.0,path_1,4.0,path_1,5.54,path_1,4.0,path_1,4.0,path_1,4.0,path_1,4.0,path_1,5.89,85.13,0,0,0.0,0.0,0.0,0.0
3,55.06262597944495,path_1,2.0,path_1,2.21,path_1,3.85,path_1,2.0,path_1,2.0,path_1,2.0,path_1,2.0,path_1,2.0,path_1,2.0,path_1,2.0,path_1,2.0,path_1,2.0,path_1,2.0,path_1,2.0,path_1,3.29,path_1,2.0,path_1,2.0,path_1,2.0,path_1,2.0,path_1,2.77,path_1,2.0,path_1,2.0,path_1,2.0,path_1,2.0,path_1,2.95,110.13,0,0,10.13,0.0,0.0,10.13
4,80.06262597944496,path_1,3.0,path_1,3.21,path_1,4.85,path_1,3.0,path_1,3.0,path_1,3.0,path_1,3.0,path_1,3.0,path_1,3.0,path_1,3.0,path_1,3.0,path_1,3.0,path_1,3.0,path_1,3.0,path_1,4.29,path_1,3.0,path_1,3.0,path_1,3.0,path_1,3.0,path_1,3.77,path_1,3.0,path_1,3.0,path_1,3.0,path_1,3.0,path_1,3.95,55.06,0,0,0.0,0.0,0.0,0.0
5,105.06262597944496,path_1,4.0,path_1,4.21,path_1,5.85,path_1,4.0,path_1,4.0,path_1,4.0,path_1,4.0,path_1,4.0,path_1,4.0,path_1,4.0,path_1,4.0,path_1,4.0,path_1,4.0,path_1,4.0,path_1,5.29,path_1,4.0,path_1,4.0,path_1,4.0,path_1,4.0,path_1,4.77,path_1,4.0,path_1,4.0,path_1,4.0,path_1,4.0,path_1,4.95,80.06,0,0,0.0,0.0,0.0,0.0
6,52.53131298972248,path_1,2.0,path_1,2.11,path_1,2.92,path_1,2.0,path_1,2.0,path_1,2.0,path_1,2.0,path_1,2.0,path_1,2.0,path_1,2.0,path_1,2.0,path_1,2.0,path_1,2.0,path_1,2.0,path_1,2.64,path_1,2.0,path_1,2.0,path_1,2.0,path_1,2.0,path_1,2.38,path_1,2.0,path_1,2.0,path_1,2.0,path_1,2.0,path_1,2.47,105.06,0,0,5.06,0.0,0.0,5.06
7,77.53131298972248,path_1,3.0,path_1,3.11,path_1,3.92,path_1,3.0,path_1,3.0,path_1,3.0,path_1,3.0,path_1,3.0,path_1,3.0,path_1,3.0,path_1,3.0,path_1,3.0,path_1,3.0,path_1,3.0,path_1,3.64,path_1,3.0,path_1,3.0,path_1,3.0,path_1,3.0,path_1,3.38,path_1,3.0,path_1,3.0,path_1,3.0,path_1,3.0,path_1,3.47,52.53,0,0,0.0,0.0,0.0,0.0
8,102.53131298972248,path_1,4.0,path_1,4.11,path_1,4.92,path_1,4.0,path_1,4.0,path_1,4.0,path_1,4.0,path_1,4.0,path_1,4.0,path_1,4.0,path_1,4.0,path_1,4.0,path_1,4.0,path_1,4.0,path_1,4.64,path_1,4.0,path_1,4.0,path_1,4.0,path_1,4.0,path_1,4.38,path_1,4.0,path_1,4.0,path_1,4.0,path_1,4.0,path_1,4.47,77.53,0,0,0.0,0.0,0.0,0.0
9,51.26565649486124,path_1,2.0,path_1,2.05,path_1,2.46,path_1,2.0,path_1,2.0,path_1,2.0,path_1,2.0,path_1,2.0,path_1,2.0,path_1,2.0,path_1,2.0,path_1,2.0,path_1,2.0,path_1,2.0,path_1,2.32,path_1,2.0,path_1,2.0,path_1,2.0,path_1,2.0,path_1,2.19,path_1,2.0,path_1,2.0,path_1,2.0,path_1,2.0,path_1,2.24,102.53,0,0,2.53,0.0,0.0,2.53
10,76.26565649486123,path_1,3.0,path_1,3.05,path_1,3.46,path_1,3.0,path_1,3.0,path_1,3.0,path_1,3.0,path_1,3.0,path_1,3.0,path_1,3.0,path_1,3.0,path_1,3.0,path_1,3.0,path_1,3.0,path_1,3.32,path_1,3.0,path_1,3.0,path_1,3.0,path_1,3.0,path_1,3.19,path_1,3.0,path_1,3.0,path_1,3.0,path_1,3.0,path_1,3.24,51.27,0,0,0.0,0.0,0.0,0.0
11,101.26565649486123,path_1,4.0,path_1,4.05,path_1,4.46,path_1,4.0,path_1,4.0,path_1,4.0,path_1,4.0,path_1,4.0,path_1,4.0,path_1,4.0,path_1,4.0,path_1,4.0,path_1,4.0,path_1,4.0,path_1,4.32,path_1,4.0,path_1,4.0,path_1,4.0,path_1,4.0,path_1,4.19,path_1,4.0,path_1,4.0,path_1,4.0,path_1,4.0,path_1,4.24,76.27,0,0,0.0,0.0,0.0,0.0
12,50.632828247430616,path_1,2.0,path_1,2.03,path_1,2.23,path_1,2.0,path_1,2.0,path_1,2.0,path_1,2.0,path_1,2.0,path_1,2.0,path_1,2.0,path_1,2.0,path_1,2.0,path_1,2.0,path_1,2.0,path_1,2.16,path_1,2.0,path_1,2.0,path_1,2.0,path_1,2.0,path_1,2.1,path_1,2.0,path_1,2.0,path_1,2.0,path_1,2.0,path_1,2.12,101.27,0,0,1.27,0.0,0.0,1.27
13,75.63282824743062,path_1,3.0,path_1,3.03,path_1,3.23,path_1,3.0,path_1,3.0,path_1,3.0,path_1,3.0,path_1,3.0,path_1,3.0,path_1,3.0,path_1,3.0,path_1,3.0,path_1,3.0,path_1,3.0,path_1,3.16,path_1,3.0,path_1,3.0,path_1,3.0,path_1,3.0,path_1,3.1,path_1,3.0,path_1,3.0,path_1,3.0,path_1,3.0,path_1,3.12,50.63,0,0,0.0,0.0,0.0,0.0
14,100.63282824743062,path_1,4.0,path_1,4.03,path_1,4.23,path_1,4.0,path_1,4.0,path_1,4.0,path_1,4.0,path_1,4.0,path_1,4.0,path_1,4.0,path_1,4.0,path_1,4.0,path_1,4.0,path_1,4.0,path_1,4.16,path_1,4.0,path_1,4.0,path_1,4.0,path_1,4.0,path_1,4.1,path_1,4.0,path_1,4.0,path_1,4.0,path_1,4.0,path_1,4.12,75.63,0,0,0.0,0.0,0.0,0.0
15,50.31641412371531,path_1,2.0,path_1,2.01,path_1,2.12,path_1,2.0,path_1,2.0,path_1,2.0,path_1,2.0,path_1,2.0,path_1,2.0,path_1,2.0,path_1,2.0,path_1,2.0,path_1,2.0,path_1,2.0,path_1,2.08,path_1,2.0,path_1,2.0,path_1,2.0,path_1,2.0,path_1,2.05,path_1,2.0,path_1,2.0,path_1,2.0,path_1,2.0,path_1,2.06,100.63,0,0,0.63,0.0,0.0,0.63
16,75.3164141237153,path_1,3.0,path_1,3.01,path_1,3.12,path_1,3.0,path_1,3.0,path_1,3.0,path_1,3.0,path_1,3.0,path_1,3.0,path_1,3.0,path_1,3.0,path_1,3.0,path_1,3.0,path_1,3.0,path_1,3.08,path_1,3.0,path_1,3.0,path_1,3.0,path_1,3.0,path_1,3.05,path_1,3.0,path_1,3.0,path_1,3.0,path_1,3.0,path_1,3.06,50.32,0,0,0.0,0.0,0.0,0.0
17,100.3164141237153,path_1,4.0,path_1,4.01,path_1,4.12,path_1,4.0,path_1,4.0,path_1,4.0,path_1,4.0,path_1,4.0,path_1,4.0,path_1,4.0,path_1,4.0,path_1,4.0,path_1,4.0,path_1,4.0,path_1,4.08,path_1,4.0,path_1,4.0,path_1,4.0,path_1,4.0,path_1,4.05,path_1,4.0,path_1,4.0,path_1,4.0,path_1,4.0,path_1,4.06,75.32,0,0,0.0,0.0,0.0,0.0
18,50.15820706185765,path_1,2.0,path_1,2.01,path_1,2.06,path_1,2.0,path_1,2.0,path_1,2.0,path_1,2.0,path_1,2.0,path_1,2.0,path_1,2.0,path_1,2.0,path_1,2.0,path_1,2.0,path_1,2.0,path_1,2.04,path_1,2.0,path_1,2.0,path_1,2.0,path_1,2.0,path_1,2.02,path_1,2.0,path_1,2.0,path_1,2.0,path_1,2.0,path_1,2.03,100.32,0,0,0.32,0.0,0.0,0.32
19,75.15820706185765,path_1,3.0,path_1,3.01,path_1,3.06,path_1,3.0,path_1,3.0,path_1,3.0,path_1,3.0,path_1,3.0,path_1,3.0,path_1,3.0,path_1,3.0,path_1,3.0,path_1,3.0,path_1,3.0,path_1,3.04,path_1,3.0,path_1,3.0,path_1,3.0,path_1,3.0,path_1,3.02,path_1,3.0,path_1,3.0,path_1,3.0,path_1,3.0,path_1,3.03,50.16,0,0,0.0,0.0,0.0,0.0
20,100.15820706185765,path_1,4.0,path_1,4.01,path_1,4.06,path_1,4.0,path_1,4.0,path_1,4.0,path_1,4.0,path_1,4.0,path_1,4.0,path_1,4.0,path_1,4.0,path_1,4.0,path_1,4.0,path_1,4.0,path_1,4.04,path_1,4.0,path_1,4.0,path_1,4.0,path_1,4.0,path_1,4.02,path_1,4.0,path_1,4.0,path_1,4.0,path_1,4.0,path_1,4.03,75.16,0,0,0.0,0.0,0.0,0.0
21,50.079103530928826,path_1,2.0,path_1,2.0,path_1,2.03,path_1,2.0,path_1,2.0,path_1,2.0,path_1,2.0,path_1,2.0,path_1,2.0,path_1,2.0,path_1,2.0,path_1,2.0,path_1,2.0,path_1,2.0,path_1,2.02,path_1,2.0,path_1,2.0,path_1,2.0,path_1,2.0,path_1,2.01,path_1,2.0,path_1,2.0,path_1,2.0,path_1,2.0,path_1,2.01,100.16,0,0,0.16,0.0,0.0,0.16
22,75.07910353092883,path_1,3.0,path_1,3.0,path_1,3.03,path_1,3.0,path_1,3.0,path_1,3.0,path_1,3.0,path_1,3.0,path_1,3.0,path_1,3.0,path_1,3.0,path_1,3.0,path_1,3.0,path_1,3.0,path_1,3.02,path_1,3.0,path_1,3.0,path_1,3.0,path_1,3.0,path_1,3.01,path_1,3.0,path_1,3.0,path_1,3.0,path_1,3.0,path_1,3.01,50.08,0,0,0.0,0.0,0.0,0.0
23,100.07910353092883,path_1,4.0,path_1,4.0,path_1,4.03,path_1,4.0,path_1,4.0,path_1,4.0,path_1,4.0,path_1,4.0,path_1,4.0,path_1,4.0,path_1,4.0,path_1,4.0,path_1,4.0,path_1,4.0,path_1,4.02,path_1,4.0,path_1,4.0,path_1,4.0,path_1,4.0,path_1,4.01,path_1,4.0,path_1,4.0,path_1,4.0,path_1,4.0,path_1,4.01,75.08,0,0,0.0,0.0,0.0,0.0
24,50.03955176546442,path_1,2.0,path_1,2.0,path_1,2.01,path_1,2.0,path_1,2.0,path_1,2.0,path_1,2.0,path_1,2.0,path_1,2.0,path_1,2.0,path_1,2.0,path_1,2.0,path_1,2.0,path_1,2.0,path_1,2.01,path_1,2.0,path_1,2.0,path_1,2.0,path_1,2.0,path_1,2.01,path_1,2.0,path_1,2.0,path_1,2.0,path_1,2.0,path_1,2.01,100.08,0,0,0.08,0.0,0.0,0.08
25,75.03955176546441,path_1,3.0,path_1,3.0,path_1,3.01,path_1,3.0,path_1,3.0,path_1,3.0,path_1,3.0,path_1,3.0,path_1,3.0,path_1,3.0,path_1,3.0,path_1,3.0,path_1,3.0,path_1,3.0,path_1,3.01,path_1,3.0,path_1,3.0,path_1,3.0,path_1,3.0,path_1,3.01,path_1,3.0,path_1,3.0,path_1,3.0,path_1,3.0,path_1,3.01,50.04,0,0,0.0,0.0,0.0,0.0
26,100.03955176546441,path_1,4.0,path_1,4.0,path_1,4.01,path_1,4.0,path_1,4.0,path_1,4.0,path_1,4.0,path_1,4.0,path_1,4.0,path_1,4.0,path_1,4.0,path_1,4.0,path_1,4.0,path_1,4.0,path_1,4.01,path_1,4.0,path_1,4.0,path_1,4.0,path_1,4.0,path_1,4.01,path_1,4.0,path_1,4.0,path_1,4.0,path_1,4.0,path_1,4.01,75.04,0,0,0.0,0.0,0.0,0.0
27,50.019775882732205,path_1,2.0,path_1,2.0,path_1,2.01,path_1,2.0,path_1,2.0,path_1,2.0,path_1,2.0,path_1,2.0,path_1,2.0,path_1,2.0,path_1,2.0,path_1,2.0,path_1,2.0,path_1,2.0,path_1,2.01,path_1,2.0,path_1,2.0,path_1,2.0,path_1,2.0,path_1,2.0,path_1,2.0,path_1,2.0,path_1,2.0,path_1,2.0,path_1,2.0,100.04,0,0,0.04,0.0,0.0,0.04
28,75.0197758827322,path_1,3.0,path_1,3.0,path_1,3.01,path_1,3.0,path_1,3.0,path_1,3.0,path_1,3.0,path_1,3.0,path_1,3.0,path_1,3.0,path_1,3.0,path_1,3.0,path_1,3.0,path_1,3.0,path_1,3.01,path_1,3.0,path_1,3.0,path_1,3.0,path_1,3.0,path_1,3.0,path_1,3.0,path_1,3.0,path_1,3.0,path_1,3.0,path_1,3.0,50.02,0,0,0.0,0.0,0.0,0.0
29,100.0197758827322,path_1,4.0,path_1,4.0,path_1,4.01,path_1,4.0,path_1,4.0,path_1,4.0,path_1,4.0,path_1,4.0,path_1,4.0,path_1,4.0,path_1,4.0,path_1,4.0,path_1,4.0,path_1,4.0,path_1,4.01,path_1,4.0,path_1,4.0,path_1,4.0,path_1,4.0,path_1,4.0,path_1,4.0,path_1,4.0,path_1,4.0,path_1,4.0,path_1,4.0,75.02,0,0,0.0,0.0,0.0,0.0
30,50.0098879413661,path_1,2.0,path_1,2.0,path_1,2.0,path_1,2.0,path_1,2.0,path_1,2.0,path_1,2.0,path_1,2.0,path_1,2.0,path_1,2.0,path_1,2.0,path_1,2.0,path_1,2.0,path_1,2.0,path_1,2.0,path_1,2.0,path_1,2.0,path_1,2.0,path_1,2.0,path_1,2.0,path_1,2.0,path_1,2.0,path_1,2.0,path_1,2.0,path_1,2.0,100.02,0,0,0.02,0.0,0.0,0.02
31,75.0098879413661,path_1,3.0,path_1,3.0,path_1,3.0,path_1,3.0,path_1,3.0,path_1,3.0,path_1,3.0,path_1,3.0,path_1,3.0,path_1,3.0,path_1,3.0,path_1,3.0,path_1,3.0,path_1,3.0,path_1,3.0,path_1,3.0,path_1,3.0,path_1,3.0,path_1,3.0,path_1,3.0,path_1,3.0,path_1,3.0,path_1,3.0,path_1,3.0,path_1,3.0,50.01,0,0,0.0,0.0,0.0,0.0
32,100.0098879413661,path_1,4.0,path_1,4.0,path_1,4.0,path_1,4.0,path_1,4.0,path_1,4.0,path_1,4.0,path_1,4.0,path_1,4.0,path_1,4.0,path_1,4.0,path_1,4.0,path_1,4.0,path_1,4.0,path_1,4.0,path_1,4.0,path_1,4.0,path_1,4.0,path_1,4.0,path_1,4.0,path_1,4.0,path_1,4.0,path_1,4.0,path_1,4.0,path_1,4.0,75.01,0,0,0.0,0.0,0.0,0.0
33,50.00494397068305,path_1,2.0,path_1,2.0,path_1,2.0,path_1,2.0,path_1,2.0,path_1,2.0,path_1,2.0,path_1,2.0,path_1,2.0,path_1,2.0,path_1,2.0,path_1,2.0,path_1,2.0,path_1,2.0,path_1,2.0,path_1,2.0,path_1,2.0,path_1,2.0,path_1,2.0,path_1,2.0,path_1,2.0,path_1,2.0,path_1,2.0,path_1,2.0,path_1,2.0,100.01,0,0,0.01,0.0,0.0,0.01
34,75.00494397068306,path_1,3.0,path_1,3.0,path_1,3.0,path_1,3.0,path_1,3.0,path_1,3.0,path_1,3.0,path_1,3.0,path_1,3.0,path_1,3.0,path_1,3.0,path_1,3.0,path_1,3.0,path_1,3.0,path_1,3.0,path_1,3.0,path_1,3.0,path_1,3.0,path_1,3.0,path_1,3.0,path_1,3.0,path_1,3.0,path_1,3.0,path_1,3.0,path_1,3.0,50.0,0,0,0.0,0.0,0.0,0.0
35,100.00494397068306,path_1,4.0,path_1,4.0,path_1,4.0,path_1,4.0,path_1,4.0,path_1,4.0,path_1,4.0,path_1,4.0,path_1,4.0,path_1,4.0,path_1,4.0,path_1,4.0,path_1,4.0,path_1,4.0,path_1,4.0,path_1,4.0,path_1,4.0,path_1,4.0,path_1,4.0,path_1,4.0,path_1,4.0,path_1,4.0,path_1,4.0,path_1,4.0,path_1,4.0,75.0,0,0,0.0,0.0,0.0,0.0
36,50.00247198534153,path_1,2.0,path_1,2.0,path_1,2.0,path_1,2.0,path_1,2.0,path_1,2.0,path_1,2.0,path_1,2.0,path_1,2.0,path_1,2.0,path_1,2.0,path_1,2.0,path_1,2.0,path_1,2.0,path_1,2.0,path_1,2.0,path_1,2.0,path_1,2.0,path_1,2.0,path_1,2.0,path_1,2.0,path_1,2.0,path_1,2.0,path_1,2.0,path_1,2.0,100.0,0,0,0.0,0.0,0.0,0.0
37,75.00247198534153,path_1,3.0,path_1,3.0,path_1,3.0,path_1,3.0,path_1,3.0,path_1,3.0,path_1,3.0,path_1,3.0,path_1,3.0,path_1,3.0,path_1,3.0,path_1,3.0,path_1,3.0,path_1,3.0,path_1,3.0,path_1,3.0,path_1,3.0,path_1,3.0,path_1,3.0,path_1,3.0,path_1,3.0,path_1,3.0,path_1,3.0,path_1,3.0,path_1,3.0,50.0,0,0,0.0,0.0,0.0,0.0
38,100.00247198534153,path_1,4.0,path_1,4.0,path_1,4.0,path_1,4.0,path_1,4.0,path_1,4.0,path_1,4.0,path_1,4.0,path_1,4.0,path_1,4.0,path_1,4.0,path_1,4.0,path_1,4.0,path_1,4.0,path_1,4.0,path_1,4.0,path_1,4.0,path_1,4.0,path_1,4.0,path_1,4.0,path_1,4.0,path_1,4.0,path_1,4.0,path_1,4.0,path_1,4.0,75.0,0,0,0.0,0.0,0.0,0.0
39,50.001235992670765,path_1,2.0,path_1,2.0,path_1,2.0,path_1,2.0,path_1,2.0,path_1,2.0,path_1,2.0,path_1,2.0,path_1,2.0,path_1,2.0,path_1,2.0,path_1,2.0,path_1,2.0,path_1,2.0,path_1,2.0,path_1,2.0,path_1,2.0,path_1,2.0,path_1,2.0,path_1,2.0,path_1,2.0,path_1,2.0,path_1,2.0,path_1,2.0,path_1,2.0,100.0,0,0,0.0,0.0,0.0,0.0
40,75.00123599267076,path_1,3.0,path_1,3.0,path_1,3.0,path_1,3.0,path_1,3.0,path_1,3.0,path_1,3.0,path_1,3.0,path_1,3.0,path_1,3.0,path_1,3.0,path_1,3.0,path_1,3.0,path_1,3.0,path_1,3.0,path_1,3.0,path_1,3.0,path_1,3.0,path_1,3.0,path_1,3.0,path_1,3.0,path_1,3.0,path_1,3.0,path_1,3.0,path_1,3.0,50.0,0,0,0.0,0.0,0.0,0.0
41,100.00123599267076,path_1,4.0,path_1,4.0,path_1,4.0,path_1,4.0,path_1,4.0,path_1,4.0,path_1,4.0,path_1,4.0,path_1,4.0,path_1,4.0,path_1,4.0,path_1,4.0,path_1,4.0,path_1,4.0,path_1,4.0,path_1,4.0,path_1,4.0,path_1,4.0,path_1,4.0,path_1,4.0,path_1,4.0,path_1,4.0,path_1,4.0,path_1,4.0,path_1,4.0,75.0,0,0,0.0,0.0,0.0,0.0
42,50.00061799633538,path_1,2.0,path_1,2.0,path_1,2.0,path_1,2.0,path_1,2.0,path_1,2.0,path_1,2.0,path_1,2.0,path_1,2.0,path_1,2.0,path_1,2.0,path_1,2.0,path_1,2.0,path_1,2.0,path_1,2.0,path_1,2.0,path_1,2.0,path_1,2.0,path_1,2.0,path_1,2.0,path_1,2.0,path_1,2.0,path_1,2.0,path_1,2.0,path_1,2.0,100.0,0,0,0.0,0.0,0.0,0.0
43,75.00061799633538,path_1,3.0,path_1,3.0,path_1,3.0,path_1,3.0,path_1,3.0,path_1,3.0,path_1,3.0,path_1,3.0,path_1,3.0,path_1,3.0,path_1,3.0,path_1,3.0,path_1,3.0,path_1,3.0,path_1,3.0,path_1,3.0,path_1,3.0,path_1,3.0,path_1,3.0,path_1,3.0,path_1,3.0,path_1,3.0,path_1,3.0,path_1,3.0,path_1,3.0,50.0,0,0,0.0,0.0,0.0,0.0
44,100.00061799633538,path_1,4.0,path_1,4.0,path_1,4.0,path_1,4.0,path_1,4.0,path_1,4.0,path_1,4.0,path_1,4.0,path_1,4.0,path_1,4.0,path_1,4.0,path_1,4.0,path_1,4.0,path_1,4.0,path_1,4.0,path_1,4.0,path_1,4.0,path_1,4.0,path_1,4.0,path_1,4.0,path_1,4.0,path_1,4.0,path_1,4.0,path_1,4.0,path_1,4.0,75.0,0,0,0.0,0.0,0.0,0.0
45,50.00030899816769,path_1,2.0,path_1,2.0,path_1,2.0,path_1,2.0,path_1,2.0,path_1,2.0,path_1,2.0,path_1,2.0,path_1,2.0,path_1,2.0,path_1,2.0,path_1,2.0,path_1,2.0,path_1,2.0,path_1,2.0,path_1,2.0,path_1,2.0,path_1,2.0,path_1,2.0,path_1,2.0,path_1,2.0,path_1,2.0,path_1,2.0,path_1,2.0,path_1,2.0,100.0,0,0,0.0,0.0,0.0,0.0
46,75.0003089981677,path_1,3.0,path_1,3.0,path_1,3.0,path_1,3.0,path_1,3.0,path_1,3.0,path_1,3.0,path_1,3.0,path_1,3.0,path_1,3.0,path_1,3.0,path_1,3.0,path_1,3.0,path_1,3.0,path_1,3.0,path_1,3.0,path_1,3.0,path_1,3.0,path_1,3.0,path_1,3.0,path_1,3.0,path_1,3.0,path_1,3.0,path_1,3.0,path_1,3.0,50.0,0,0,0.0,0.0,0.0,0.0
47,100.0003089981677,path_1,4.0,path_1,4.0,path_1,4.0,path_1,4.0,path_1,4.0,path_1,4.0,path_1,4.0,path_1,4.0,path_1,4.0,path_1,4.0,path_1,4.0,path_1,4.0,path_1,4.0,path_1,4.0,path_1,4.0,path_1,4.0,path_1,4.0,path_1,4.0,path_1,4.0,path_1,4.0,path_1,4.0,path_1,4.0,path_1,4.0,path_1,4.0,path_1,4.0,75.0,0,0,0.0,0.0,0.0,0.0
48,50.00015449908385,path_1,2.0,path_1,2.0,path_1,2.0,path_1,2.0,path_1,2.0,path_1,2.0,path_1,2.0,path_1,2.0,path_1,2.0,path_1,2.0,path_1,2.0,path_1,2.0,path_1,2.0,path_1,2.0,path_1,2.0,path_1,2.0,path_1,2.0,path_1,2.0,path_1,2.0,path_1,2.0,path_1,2.0,path_1,2.0,path_1,2.0,path_1,2.0,path_1,2.0,100.0,0,0,0.0,0.0,0.0,0.0
49,75.00015449908385,path_1,3.0,path_1,3.0,path_1,3.0,path_1,3.0,path_1,3.0,path_1,3.0,path_1,3.0,path_1,3.0,path_1,3.0,path_1,3.0,path_1,3.0,path_1,3.0,path_1,3.0,path_1,3.0,path_1,3.0,path_1,3.0,path_1,3.0,path_1,3.0,path_1,3.0,path_1,3.0,path_1,3.0,path_1,3.0,path_1,3.0,path_1,3.0,path_1,3.0,50.0,0,0,0.0,0.0,0.0,0.0
50,100.00015449908385,path_1,4.0,path_1,4.0,path_1,4.0,path_1,4.0,path_1,4.0,path_1,4.0,path_1,4.0,path_1,4.0,path_1,4.0,path_1,4.0,path_1,4.0,path_1,4.0,path_1,4.0,path_1,4.0,path_1,4.0,path_1,4.0,path_1,4.0,path_1,4.0,path_1,4.0,path_1,4.0,path_1,4.0,path_1,4.0,path_1,4.0,path_1,4.0,path_1,4.0,75.0,0,0,0.0,0.0,0.0,0.0
51,50.000077249541924,path_1,2.0,path_1,2.0,path_1,2.0,path_1,2.0,path_1,2.0,path_1,2.0,path_1,2.0,path_1,2.0,path_1,2.0,path_1,2.0,path_1,2.0,path_1,2.0,path_1,2.0,path_1,2.0,path_1,2.0,path_1,2.0,path_1,2.0,path_1,2.0,path_1,2.0,path_1,2.0,path_1,2.0,path_1,2.0,path_1,2.0,path_1,2.0,path_1,2.0,100.0,0,0,0.0,0.0,0.0,0.0
52,75.00007724954192,path_1,3.0,path_1,3.0,path_1,3.0,path_1,3.0,path_1,3.0,path_1,3.0,path_1,3.0,path_1,3.0,path_1,3.0,path_1,3.0,path_1,3.0,path_1,3.0,path_1,3.0,path_1,3.0,path_1,3.0,path_1,3.0,path_1,3.0,path_1,3.0,path_1,3.0,path_1,3.0,path_1,3.0,path_1,3.0,path_1,3.0,path_1,3.0,path_1,3.0,50.0,0,0,0.0,0.0,0.0,0.0
53,100.00007724954192,path_1,4.0,path_1,4.0,path_1,4.0,path_1,4.0,path_1,4.0,path_1,4.0,path_1,4.0,path_1,4.0,path_1,4.0,path_1,4.0,path_1,4.0,path_1,4.0,path_1,4.0,path_1,4.0,path_1,4.0,path_1,4.0,path_1,4.0,path_1,4.0,path_1,4.0,path_1,4.0,path_1,4.0,path_1,4.0,path_1,4.0,path_1,4.0,path_1,4.0,75.0,0,0,0.0,0.0,0.0,0.0
54,50.00003862477096,path_1,2.0,path_1,2.0,path_1,2.0,path_1,2.0,path_1,2.0,path_1,2.0,path_1,2.0,path_1,2.0,path_1,2.0,path_1,2.0,path_1,2.0,path_1,2.0,path_1,2.0,path_1,2.0,path_1,2.0,path_1,2.0,path_1,2.0,path_1,2.0,path_1,2.0,path_1,2.0,path_1,2.0,path_1,2.0,path_1,2.0,path_1,2.0,path_1,2.0,100.0,0,0,0.0,0.0,0.0,0.0
55,75.00003862477097,path_1,3.0,path_1,3.0,path_1,3.0,path_1,3.0,path_1,3.0,path_1,3.0,path_1,3.0,path_1,3.0,path_1,3.0,path_1,3.0,path_1,3.0,path_1,3.0,path_1,3.0,path_1,3.0,path_1,3.0,path_1,3.0,path_1,3.0,path_1,3.0,path_1,3.0,path_1,3.0,path_1,3.0,path_1,3.0,path_1,3.0,path_1,3.0,path_1,3.0,50.0,0,0,0.0,0.0,0.0,0.0
56,100.00003862477097,path_1,4.0,path_1,4.0,path_1,4.0,path_1,4.0,path_1,4.0,path_1,4.0,path_1,4.0,path_1,4.0,path_1,4.0,path_1,4.0,path_1,4.0,path_1,4.0,path_1,4.0,path_1,4.0,path_1,4.0,path_1,4.0,path_1,4.0,path_1,4.0,path_1,4.0,path_1,4.0,path_1,4.0,path_1,4.0,path_1,4.0,path_1,4.0,path_1,4.0,75.0,0,0,0.0,0.0,0.0,0.0
57,50.00001931238548,path_1,2.0,path_1,2.0,path_1,2.0,path_1,2.0,path_1,2.0,path_1,2.0,path_1,2.0,path_1,2.0,path_1,2.0,path_1,2.0,path_1,2.0,path_1,2.0,path_1,2.0,path_1,2.0,path_1,2.0,path_1,2.0,path_1,2.0,path_1,2.0,path_1,2.0,path_1,2.0,path_1,2.0,path_1,2.0,path_1,2.0,path_1,2.0,path_1,2.0,100.0,0,0,0.0,0.0,0.0,0.0
58,75.00001931238548,path_1,3.0,path_1,3.0,path_1,3.0,path_1,3.0,path_1,3.0,path_1,3.0,path_1,3.0,path_1,3.0,path_1,3.0,path_1,3.0,path_1,3.0,path_1,3.0,path_1,3.0,path_1,3.0,path_1,3.0,path_1,3.0,path_1,3.0,path_1,3.0,path_1,3.0,path_1,3.0,path_1,3.0,path_1,3.0,path_1,3.0,path_1,3.0,path_1,3.0,50.0,0,0,0.0,0.0,0.0,0.0
59,100.00001931238548,path_1,4.0,path_1,4.0,path_1,4.0,path_1,4.0,path_1,4.0,path_1,4.0,path_1,4.0,path_1,4.0,path_1,4.0,path_1,4.0,path_1,4.0,path_1,4.0,path_1,4.0,path_1,4.0,path_1,4.0,path_1,4.0,path_1,4.0,path_1,4.0,path_1,4.0,path_1,4.0,path_1,4.0,path_1,4.0,path_1,4.0,path_1,4.0,path_1,4.0,75.0,0,0,0.0,0.0,0.0,0.0
60,50.00000965619274,path_1,2.0,path_1,2.0,path_1,2.0,path_1,2.0,path_1,2.0,path_1,2.0,path_1,2.0,path_1,2.0,path_1,2.0,path_1,2.0,path_1,2.0,path_1,2.0,path_1,2.0,path_1,2.0,path_1,2.0,path_1,2.0,path_1,2.0,path_1,2.0,path_1,2.0,path_1,2.0,path_1,2.0,path_1,2.0,path_1,2.0,path_1,2.0,path_1,2.0,100.0,0,0,0.0,0.0,0.0,0.0
61,75.00000965619274,path_1,3.0,path_1,3.0,path_1,3.0,path_1,3.0,path_1,3.0,path_1,3.0,path_1,3.0,path_1,3.0,path_1,3.0,path_1,3.0,path_1,3.0,path_1,3.0,path_1,3.0,path_1,3.0,path_1,3.0,path_1,3.0,path_1,3.0,path_1,3.0,path_1,3.0,path_1,3.0,path_1,3.0,path_1,3.0,path_1,3.0,path_1,3.0,path_1,3.0,50.0,0,0,0.0,0.0,0.0,0.0
62,100.00000965619274,path_1,4.0,path_1,4.0,path_1,4.0,path_1,4.0,path_1,4.0,path_1,4.0,path_1,4.0,path_1,4.0,path_1,4.0,path_1,4.0,path_1,4.0,path_1,4.0,path_1,4.0,path_1,4.0,path_1,4.0,path_1,4.0,path_1,4.0,path_1,4.0,path_1,4.0,path_1,4.0,path_1,4.0,path_1,4.0,path_1,4.0,path_1,4.0,path_1,4.0,75.0,0,0,0.0,0.0,0.0,0.0
63,50.00000482809637,path_1,2.0,path_1,2.0,path_1,2.0,path_1,2.0,path_1,2.0,path_1,2.0,path_1,2.0,path_1,2.0,path_1,2.0,path_1,2.0,path_1,2.0,path_1,2.0,path_1,2.0,path_1,2.0,path_1,2.0,path_1,2.0,path_1,2.0,path_1,2.0,path_1,2.0,path_1,2.0,path_1,2.0,path_1,2.0,path_1,2.0,path_1,2.0,path_1,2.0,100.0,0,0,0.0,0.0,0.0,0.0
64,75.00000482809637,path_1,3.0,path_1,3.0,path_1,3.0,path_1,3.0,path_1,3.0,path_1,3.0,path_1,3.0,path_1,3.0,path_1,3.0,path_1,3.0,path_1,3.0,path_1,3.0,path_1,3.0,path_1,3.0,path_1,3.0,path_1,3.0,path_1,3.0,path_1,3.0,path_1,3.0,path_1,3.0,path_1,3.0,path_1,3.0,path_1,3.0,path_1,3.0,path_1,3.0,50.0,0,0,0.0,0.0,0.0,0.0
65,100.00000482809637,path_1,4.0,path_1,4.0,path_1,4.0,path_1,4.0,path_1,4.0,path_1,4.0,path_1,4.0,path_1,4.0,path_1,4.0,path_1,4.0,path_1,4.0,path_1,4.0,path_1,4.0,path_1,4.0,path_1,4.0,path_1,4.0,path_1,4.0,path_1,4.0,path_1,4.0,path_1,4.0,path_1,4.0,path_1,4.0,path_1,4.0,path_1,4.0,path_1,4.0,75.0,0,0,0.0,0.0,0.0,0.0
66,50.00000241404818,path_1,2.0,path_1,2.0,path_1,2.0,path_1,2.0,path_1,2.0,path_1,2.0,path_1,2.0,path_1,2.0,path_1,2.0,path_1,2.0,path_1,2.0,path_1,2.0,path_1,2.0,path_1,2.0,path_1,2.0,path_1,2.0,path_1,2.0,path_1,2.0,path_1,2.0,path_1,2.0,path_1,2.0,path_1,2.0,path_1,2.0,path_1,2.0,path_1,2.0,100.0,0,0,0.0,0.0,0.0,0.0
67,75.00000241404818,path_1,3.0,path_1,3.0,path_1,3.0,path_1,3.0,path_1,3.0,path_1,3.0,path_1,3.0,path_1,3.0,path_1,3.0,path_1,3.0,path_1,3.0,path_1,3.0,path_1,3.0,path_1,3.0,path_1,3.0,path_1,3.0,path_1,3.0,path_1,3.0,path_1,3.0,path_1,3.0,path_1,3.0,path_1,3.0,path_1,3.0,path_1,3.0,path_1,3.0,50.0,0,0,0.0,0.0,0.0,0.0
68,100.00000241404818,path_1,4.0,path_1,4.0,path_1,4.0,path_1,4.0,path_1,4.0,path_1,4.0,path_1,4.0,path_1,4.0,path_1,4.0,path_1,4.0,path_1,4.0,path_1,4.0,path_1,4.0,path_1,4.0,path_1,4.0,path_1,4.0,path_1,4.0,path_1,4.0,path_1,4.0,path_1,4.0,path_1,4.0,path_1,4.0,path_1,4.0,path_1,4.0,path_1,4.0,75.0,0,0,0.0,0.0,0.0,0.0
69,50.00000120702409,path_1,2.0,path_1,2.0,path_1,2.0,path_1,2.0,path_1,2.0,path_1,2.0,path_1,2.0,path_1,2.0,path_1,2.0,path_1,2.0,path_1,2.0,path_1,2.0,path_1,2.0,path_1,2.0,path_1,2.0,path_1,2.0,path_1,2.0,path_1,2.0,path_1,2.0,path_1,2.0,path_1,2.0,path_1,2.0,path_1,2.0,path_1,2.0,path_1,2.0,100.0,0,0,0.0,0.0,0.0,0.0
70,75.0000012070241,path_1,3.0,path_1,3.0,path_1,3.0,path_1,3.0,path_1,3.0,path_1,3.0,path_1,3.0,path_1,3.0,path_1,3.0,path_1,3.0,path_1,3.0,path_1,3.0,path_1,3.0,path_1,3.0,path_1,3.0,path_1,3.0,path_1,3.0,path_1,3.0,path_1,3.0,path_1,3.0,path_1,3.0,path_1,3.0,path_1,3.0,path_1,3.0,path_1,3.0,50.0,0,0,0.0,0.0,0.0,0.0
71,100.0000012070241,path_1,4.0,path_1,4.0,path_1,4.0,path_1,4.0,path_1,4.0,path_1,4.0,path_1,4.0,path_1,4.0,path_1,4.0,path_1,4.0,path_1,4.0,path_1,4.0,path_1,4.0,path_1,4.0,path_1,4.0,path_1,4.0,path_1,4.0,path_1,4.0,path_1,4.0,path_1,4.0,path_1,4.0,path_1,4.0,path_1,4.0,path_1,4.0,path_1,4.0,75.0,0,0,0.0,0.0,0.0,0.0
72,50.00000060351205,path_1,2.0,path_1,2.0,path_1,2.0,path_1,2.0,path_1,2.0,path_1,2.0,path_1,2.0,path_1,2.0,path_1,2.0,path_1,2.0,path_1,2.0,path_1,2.0,path_1,2.0,path_1,2.0,path_1,2.0,path_1,2.0,path_1,2.0,path_1,2.0,path_1,2.0,path_1,2.0,path_1,2.0,path_1,2.0,path_1,2.0,path_1,2.0,path_1,2.0,100.0,0,0,0.0,0.0,0.0,0.0
73,75.00000060351205,path_1,3.0,path_1,3.0,path_1,3.0,path_1,3.0,path_1,3.0,path_1,3.0,path_1,3.0,path_1,3.0,path_1,3.0,path_1,3.0,path_1,3.0,path_1,3.0,path_1,3.0,path_1,3.0,path_1,3.0,path_1,3.0,path_1,3.0,path_1,3.0,path_1,3.0,path_1,3.0,path_1,3.0,path_1,3.0,path_1,3.0,path_1,3.0,path_1,3.0,50.0,0,0,0.0,0.0,0.0,0.0
74,100.00000060351205,path_1,4.0,path_1,4.0,path_1,4.0,path_1,4.0,path_1,4.0,path_1,4.0,path_1,4.0,path_1,4.0,path_1,4.0,path_1,4.0,path_1,4.0,path_1,4.0,path_1,4.0,path_1,4.0,path_1,4.0,path_1,4.0,path_1,4.0,path_1,4.0,path_1,4.0,path_1,4.0,path_1,4.0,path_1,4.0,path_1,4.0,path_1,4.0,path_1,4.0,75.0,0,0,0.0,0.0,0.0,0.0
75,50.000000301756025,path_1,2.0,path_1,2.0,path_1,2.0,path_1,2.0,path_1,2.0,path_1,2.0,path_1,2.0,path_1,2.0,path_1,2.0,path_1,2.0,path_1,2.0,path_1,2.0,path_1,2.0,path_1,2.0,path_1,2.0,path_1,2.0,path_1,2.0,path_1,2.0,path_1,2.0,path_1,2.0,path_1,2.0,path_1,2.0,path_1,2.0,path_1,2.0,path_1,2.0,100.0,0,0,0.0,0.0,0.0,0.0
76,75.00000030175602,path_1,3.0,path_1,3.0,path_1,3.0,path_1,3.0,path_1,3.0,path_1,3.0,path_1,3.0,path_1,3.0,path_1,3.0,path_1,3.0,path_1,3.0,path_1,3.0,path_1,3.0,path_1,3.0,path_1,3.0,path_1,3.0,path_1,3.0,path_1,3.0,path_1,3.0,path_1,3.0,path_1,3.0,path_1,3.0,path_1,3.0,path_1,3.0,path_1,3.0,50.0,0,0,0.0,0.0,0.0,0.0
77,100.00000030175602,path_1,4.0,path_1,4.0,path_1,4.0,path_1,4.0,path_1,4.0,path_1,4.0,path_1,4.0,path_1,4.0,path_1,4.0,path_1,4.0,path_1,4.0,path_1,4.0,path_1,4.0,path_1,4.0,path_1,4.0,path_1,4.0,path_1,4.0,path_1,4.0,path_1,4.0,path_1,4.0,path_1,4.0,path_1,4.0,path_1,4.0,path_1,4.0,path_1,4.0,75.0,0,0,0.0,0.0,0.0,0.0
78,50.00000015087801,path_1,2.0,path_1,2.0,path_1,2.0,path_1,2.0,path_1,2.0,path_1,2.0,path_1,2.0,path_1,2.0,path_1,2.0,path_1,2.0,path_1,2.0,path_1,2.0,path_1,2.0,path_1,2.0,path_1,2.0,path_1,2.0,path_1,2.0,path_1,2.0,path_1,2.0,path_1,2.0,path_1,2.0,path_1,2.0,path_1,2.0,path_1,2.0,path_1,2.0,100.0,0,0,0.0,0.0,0.0,0.0
79,75.00000015087801,path_1,3.0,path_1,3.0,path_1,3.0,path_1,3.0,path_1,3.0,path_1,3.0,path_1,3.0,path_1,3.0,path_1,3.0,path_1,3.0,path_1,3.0,path_1,3.0,path_1,3.0,path_1,3.0,path_1,3.0,path_1,3.0,path_1,3.0,path_1,3.0,path_1,3.0,path_1,3.0,path_1,3.0,path_1,3.0,path_1,3.0,path_1,3.0,path_1,3.0,50.0,0,0,0.0,0.0,0.0,0.0
80,100.00000015087801,path_1,4.0,path_1,4.0,path_1,4.0,path_1,4.0,path_1,4.0,path_1,4.0,path_1,4.0,path_1,4.0,path_1,4.0,path_1,4.0,path_1,4.0,path_1,4.0,path_1,4.0,path_1,4.0,path_1,4.0,path_1,4.0,path_1,4.0,path_1,4.0,path_1,4.0,path_1,4.0,path_1,4.0,path_1,4.0,path_1,4.0,path_1,4.0,path_1,4.0,75.0,0,0,0.0,0.0,0.0,0.0
81,50.000000075439004,path_1,2.0,path_1,2.0,path_1,2.0,path_1,2.0,path_1,2.0,path_1,2.0,path_1,2.0,path_1,2.0,path_1,2.0,path_1,2.0,path_1,2.0,path_1,2.0,path_1,2.0,path_1,2.0,path_1,2.0,path_1,2.0,path_1,2.0,path_1,2.0,path_1,2.0,path_1,2.0,path_1,2.0,path_1,2.0,path_1,2.0,path_1,2.0,path_1,2.0,100.0,0,0,0.0,0.0,0.0,0.0
82,75.000000075439,path_1,3.0,path_1,3.0,path_1,3.0,path_1,3.0,path_1,3.0,path_1,3.0,path_1,3.0,path_1,3.0,path_1,3.0,path_1,3.0,path_1,3.0,path_1,3.0,path_1,3.0,path_1,3.0,path_1,3.0,path_1,3.0,path_1,3.0,path_1,3.0,path_1,3.0,path_1,3.0,path_1,3.0,path_1,3.0,path_1,3.0,path_1,3.0,path_1,3.0,50.0,0,0,0.0,0.0,0.0,0.0
83,100.000000075439,path_1,4.0,path_1,4.0,path_1,4.0,path_1,4.0,path_1,4.0,path_1,4.0,path_1,4.0,path_1,4.0,path_1,4.0,path_1,4.0,path_1,4.0,path_1,4.0,path_1,4.0,path_1,4.0,path_1,4.0,path_1,4.0,path_1,4.0,path_1,4.0,path_1,4.0,path_1,4.0,path_1,4.0,path_1,4.0,path_1,4.0,path_1,4.0,path_1,4.0,75.0,0,0,0.0,0.0,0.0,0.0
84,50.0000000377195,path_1,2.0,path_1,2.0,path_1,2.0,path_1,2.0,path_1,2.0,path_1,2.0,path_1,2.0,path_1,2.0,path_1,2.0,path_1,2.0,path_1,2.0,path_1,2.0,path_1,2.0,path_1,2.0,path_1,2.0,path_1,2.0,path_1,2.0,path_1,2.0,path_1,2.0,path_1,2.0,path_1,2.0,path_1,2.0,path_1,2.0,path_1,2.0,path_1,2.0,100.0,0,0,0.0,0.0,0.0,0.0
85,75.0000000377195,path_1,3.0,path_1,3.0,path_1,3.0,path_1,3.0,path_1,3.0,path_1,3.0,path_1,3.0,path_1,3.0,path_1,3.0,path_1,3.0,path_1,3.0,path_1,3.0,path_1,3.0,path_1,3.0,path_1,3.0,path_1,3.0,path_1,3.0,path_1,3.0,path_1,3.0,path_1,3.0,path_1,3.0,path_1,3.0,path_1,3.0,path_1,3.0,path_1,3.0,50.0,0,0,0.0,0.0,0.0,0.0
86,100.0000000377195,path_1,4.0,path_1,4.0,path_1,4.0,path_1,4.0,path_1,4.0,path_1,4.0,path_1,4.0,path_1,4.0,path_1,4.0,path_1,4.0,path_1,4.0,path_1,4.0,path_1,4.0,path_1,4.0,path_1,4.0,path_1,4.0,path_1,4.0,path_1,4.0,path_1,4.0,path_1,4.0,path_1,4.0,path_1,4.0,path_1,4.0,path_1,4.0,path_1,4.0,75.0,0,0,0.0,0.0,0.0,0.0
87,50.00000001885975,path_1,2.0,path_1,2.0,path_1,2.0,path_1,2.0,path_1,2.0,path_1,2.0,path_1,2.0,path_1,2.0,path_1,2.0,path_1,2.0,path_1,2.0,path_1,2.0,path_1,2.0,path_1,2.0,path_1,2.0,path_1,2.0,path_1,2.0,path_1,2.0,path_1,2.0,path_1,2.0,path_1,2.0,path_1,2.0,path_1,2.0,path_1,2.0,path_1,2.0,100.0,0,0,0.0,0.0,0.0,0.0
88,75.00000001885975,path_1,3.0,path_1,3.0,path_1,3.0,path_1,3.0,path_1,3.0,path_1,3.0,path_1,3.0,path_1,3.0,path_1,3.0,path_1,3.0,path_1,3.0,path_1,3.0,path_1,3.0,path_1,3.0,path_1,3.0,path_1,3.0,path_1,3.0,path_1,3.0,path_1,3.0,path_1,3.0,path_1,3.0,path_1,3.0,path_1,3.0,path_1,3.0,path_1,3.0,50.0,0,0,0.0,0.0,0.0,0.0
89,100.00000001885975,path_1,4.0,path_1,4.0,path_1,4.0,path_1,4.0,path_1,4.0,path_1,4.0,path_1,4.0,path_1,4.0,path_1,4.0,path_1,4.0,path_1,4.0,path_1,4.0,path_1,4.0,path_1,4.0,path_1,4.0,path_1,4.0,path_1,4.0,path_1,4.0,path_1,4.0,path_1,4.0,path_1,4.0,path_1,4.0,path_1,4.0,path_1,4.0,path_1,4.0,75.0,0,0,0.0,0.0,0.0,0.0
90,50.000000009429876,path_1,2.0,path_1,2.0,path_1,2.0,path_1,2.0,path_1,2.0,path_1,2.0,path_1,2.0,path_1,2.0,path_1,2.0,path_1,2.0,path_1,2.0,path_1,2.0,path_1,2.0,path_1,2.0,path_1,2.0,path_1,2.0,path_1,2.0,path_1,2.0,path_1,2.0,path_1,2.0,path_1,2.0,path_1,2.0,path_1,2.0,path_1,2.0,path_1,2.0,100.0,0,0,0.0,0.0,0.0,0.0
91,75.00000000942987,path_1,3.0,path_1,3.0,path_1,3.0,path_1,3.0,path_1,3.0,path_1,3.0,path_1,3.0,path_1,3.0,path_1,3.0,path_1,3.0,path_1,3.0,path_1,3.0,path_1,3.0,path_1,3.0,path_1,3.0,path_1,3.0,path_1,3.0,path_1,3.0,path_1,3.0,path_1,3.0,path_1,3.0,path_1,3.0,path_1,3.0,path_1,3.0,path_1,3.0,50.0,0,0,0.0,0.0,0.0,0.0
92,100.00000000942987,path_1,4.0,path_1,4.0,path_1,4.0,path_1,4.0,path_1,4.0,path_1,4.0,path_1,4.0,path_1,4.0,path_1,4.0,path_1,4.0,path_1,4.0,path_1,4.0,path_1,4.0,path_1,4.0,path_1,4.0,path_1,4.0,path_1,4.0,path_1,4.0,path_1,4.0,path_1,4.0,path_1,4.0,path_1,4.0,path_1,4.0,path_1,4.0,path_1,4.0,75.0,0,0,0.0,0.0,0.0,0.0
93,50.000000004714934,path_1,2.0,path_1,2.0,path_1,2.0,path_1,2.0,path_1,2.0,path_1,2.0,path_1,2.0,path_1,2.0,path_1,2.0,path_1,2.0,path_1,2.0,path_1,2.0,path_1,2.0,path_1,2.0,path_1,2.0,path_1,2.0,path_1,2.0,path_1,2.0,path_1,2.0,path_1,2.0,path_1,2.0,path_1,2.0,path_1,2.0,path_1,2.0,path_1,2.0,100.0,0,0,0.0,0.0,0.0,0.0
94,75.00000000471493,path_1,3.0,path_1,3.0,path_1,3.0,path_1,3.0,path_1,3.0,path_1,3.0,path_1,3.0,path_1,3.0,path_1,3.0,path_1,3.0,path_1,3.0,path_1,3.0,path_1,3.0,path_1,3.0,path_1,3.0,path_1,3.0,path_1,3.0,path_1,3.0,path_1,3.0,path_1,3.0,path_1,3.0,path_1,3.0,path_1,3.0,path_1,3.0,path_1,3.0,50.0,0,0,0.0,0.0,0.0,0.0
95,100.00000000471493,path_1,4.0,path_1,4.0,path_1,4.0,path_1,4.0,path_1,4.0,path_1,4.0,path_1,4.0,path_1,4.0,path_1,4.0,path_1,4.0,path_1,4.0,path_1,4.0,path_1,4.0,path_1,4.0,path_1,4.0,path_1,4.0,path_1,4.0,path_1,4.0,path_1,4.0,path_1,4.0,path_1,4.0,path_1,4.0,path_1,4.0,path_1,4.0,path_1,4.0,75.0,0,0,0.0,0.0,0.0,0.0
96,50.00000000235747,path_1,2.0,path_1,2.0,path_1,2.0,path_1,2.0,path_1,2.0,path_1,2.0,path_1,2.0,path_1,2.0,path_1,2.0,path_1,2.0,path_1,2.0,path_1,2.0,path_1,2.0,path_1,2.0,path_1,2.0,path_1,2.0,path_1,2.0,path_1,2.0,path_1,2.0,path_1,2.0,path_1,2.0,path_1,2.0,path_1,2.0,path_1,2.0,path_1,2.0,100.0,0,0,0.0,0.0,0.0,0.0
97,75.00000000235747,path_1,3.0,path_1,3.0,path_1,3.0,path_1,3.0,path_1,3.0,path_1,3.0,path_1,3.0,path_1,3.0,path_1,3.0,path_1,3.0,path_1,3.0,path_1,3.0,path_1,3.0,path_1,3.0,path_1,3.0,path_1,3.0,path_1,3.0,path_1,3.0,path_1,3.0,path_1,3.0,path_1,3.0,path_1,3.0,path_1,3.0,path_1,3.0,path_1,3.0,50.0,0,0,0.0,0.0,0.0,0.0
98,100.00000000235747,path_1,4.0,path_1,4.0,path_1,4.0,path_1,4.0,path_1,4.0,path_1,4.0,path_1,4.0,path_1,4.0,path_1,4.0,path_1,4.0,path_1,4.0,path_1,4.0,path_1,4.0,path_1,4.0,path_1,4.0,path_1,4.0,path_1,4.0,path_1,4.0,path_1,4.0,path_1,4.0,path_1,4.0,path_1,4.0,path_1,4.0,path_1,4.0,path_1,4.0,75.0,0,0,0.0,0.0,0.0,0.0
99,50.000000001178734,path_1,2.0,path_1,2.0,path_1,2.0,path_1,2.0,path_1,2.0,path_1,2.0,path_1,2.0,path_1,2.0,path_1,2.0,path_1,2.0,path_1,2.0,path_1,2.0,path_1,2.0,path_1,2.0,path_1,2.0,path_1,2.0,path_1,2.0,path_1,2.0,path_1,2.0,path_1,2.0,path_1,2.0,path_1,2.0,path_1,2.0,path_1,2.0,path_1,2.0,100.0,0,0,0.0,0.0,0.0,0.0
100,75.00000000117873,path_1,3.0,path_1,3.0,path_1,3.0,path_1,3.0,path_1,3.0,path_1,3.0,path_1,3.0,path_1,3.0,path_1,3.0,path_1,3.0,path_1,3.0,path_1,3.0,path_1,3.0,path_1,3.0,path_1,3.0,path_1,3.0,path_1,3.0,path_1,3.0,path_1,3.0,path_1,3.0,path_1,3.0,path_1,3.0,path_1,3.0,path_1,3.0,path_1,3.0,50.0,0,0,0.0,0.0,0.0,0.0
101,100.00000000117873,path_1,4.0,path_1,4.0,path_1,4.0,path_1,4.0,path_1,4.0,path_1,4.0,path_1,4.0,path_1,4.0,path_1,4.0,path_1,4.0,path_1,4.0,path_1,4.0,path_1,4.0,path_1,4.0,path_1,4.0,path_1,4.0,path_1,4.0,path_1,4.0,path_1,4.0,path_1,4.0,path_1,4.0,path_1,4.0,path_1,4.0,path_1,4.0,path_1,4.0,75.0,0,0,0.0,0.0,0.0,0.0
102,50.00000000058937,path_1,2.0,path_1,2.0,path_1,2.0,path_1,2.0,path_1,2.0,path_1,2.0,path_1,2.0,path_1,2.0,path_1,2.0,path_1,2.0,path_1,2.0,path_1,2.0,path_1,2.0,path_1,2.0,path_1,2.0,path_1,2.0,path_1,2.0,path_1,2.0,path_1,2.0,path_1,2.0,path_1,2.0,path_1,2.0,path_1,2.0,path_1,2.0,path_1,2.0,100.0,0,0,0.0,0.0,0.0,0.0
103,75.00000000058937,path_1,3.0,path_1,3.0,path_1,3.0,path_1,3.0,path_1,3.0,path_1,3.0,path_1,3.0,path_1,3.0,path_1,3.0,path_1,3.0,path_1,3.0,path_1,3.0,path_1,3.0,path_1,3.0,path_1,3.0,path_1,3.0,path_1,3.0,path_1,3.0,path_1,3.0,path_1,3.0,path_1,3.0,path_1,3.0,path_1,3.0,path_1,3.0,path_1,3.0,50.0,0,0,0.0,0.0,0.0,0.0
104,100.00000000058937,path_1,4.0,path_1,4.0,path_1,4.0,path_1,4.0,path_1,4.0,path_1,4.0,path_1,4.0,path_1,4.0,path_1,4.0,path_1,4.0,path_1,4.0,path_1,4.0,path_1,4.0,path_1,4.0,path_1,4.0,path_1,4.0,path_1,4.0,path_1,4.0,path_1,4.0,path_1,4.0,path_1,4.0,path_1,4.0,path_1,4.0,path_1,4.0,path_1,4.0,75.0,0,0,0.0,0.0,0.0,0.0
105,50.00000000029468,path_1,2.0,path_1,2.0,path_1,2.0,path_1,2.0,path_1,2.0,path_1,2.0,path_1,2.0,path_1,2.0,path_1,2.0,path_1,2.0,path_1,2.0,path_1,2.0,path_1,2.0,path_1,2.0,path_1,2.0,path_1,2.0,path_1,2.0,path_1,2.0,path_1,2.0,path_1,2.0,path_1,2.0,path_1,2.0,path_1,2.0,path_1,2.0,path_1,2.0,100.0,0,0,0.0,0.0,0.0,0.0
106,75.00000000029468,path_1,3.0,path_1,3.0,path_1,3.0,path_1,3.0,path_1,3.0,path_1,3.0,path_1,3.0,path_1,3.0,path_1,3.0,path_1,3.0,path_1,3.0,path_1,3.0,path_1,3.0,path_1,3.0,path_1,3.0,path_1,3.0,path_1,3.0,path_1,3.0,path_1,3.0,path_1,3.0,path_1,3.0,path_1,3.0,path_1,3.0,path_1,3.0,path_1,3.0,50.0,0,0,0.0,0.0,0.0,0.0
107,100.00000000029468,path_1,4.0,path_1,4.0,path_1,4.0,path_1,4.0,path_1,4.0,path_1,4.0,path_1,4.0,path_1,4.0,path_1,4.0,path_1,4.0,path_1,4.0,path_1,4.0,path_1,4.0,path_1,4.0,path_1,4.0,path_1,4.0,path_1,4.0,path_1,4.0,path_1,4.0,path_1,4.0,path_1,4.0,path_1,4.0,path_1,4.0,path_1,4.0,path_1,4.0,75.0,0,0,0.0,0.0,0.0,0.0
108,50.00000000014734,path_1,2.0,path_1,2.0,path_1,2.0,path_1,2.0,path_1,2.0,path_1,2.0,path_1,2.0,path_1,2.0,path_1,2.0,path_1,2.0,path_1,2.0,path_1,2.0,path_1,2.0,path_1,2.0,path_1,2.0,path_1,2.0,path_1,2.0,path_1,2.0,path_1,2.0,path_1,2.0,path_1,2.0,path_1,2.0,path_1,2.0,path_1,2.0,path_1,2.0,100.0,0,0,0.0,0.0,0.0,0.0
109,75.00000000014734,path_1,3.0,path_1,3.0,path_1,3.0,path_1,3.0,path_1,3.0,path_1,3.0,path_1,3.0,path_1,3.0,path_1,3.0,path_1,3.0,path_1,3.0,path_1,3.0,path_1,3.0,path_1,3.0,path_1,3.0,path_1,3.0,path_1,3.0,path_1,3.0,path_1,3.0,path_1,3.0,path_1,3.0,path_1,3.0,path_1,3.0,path_1,3.0,path_1,3.0,50.0,0,0,0.0,0.0,0.0,0.0
110,100.00000000014734,path_1,4.0,path_1,4.0,path_1,4.0,path_1,4.0,path_1,4.0,path_1,4.0,path_1,4.0,path_1,4.0,path_1,4.0,path_1,4.0,path_1,4.0,path_1,4.0,path_1,4.0,path_1,4.0,path_1,4.0,path_1,4.0,path_1,4.0,path_1,4.0,path_1,4.0,path_1,4.0,path_1,4.0,path_1,4.0,path_1,4.0,path_1,4.0,path_1,4.0,75.0,0,0,0.0,0.0,0.0,0.0
111,50.00000000007367,path_1,2.0,path_1,2.0,path_1,2.0,path_1,2.0,path_1,2.0,path_1,2.0,path_1,2.0,path_1,2.0,path_1,2.0,path_1,2.0,path_1,2.0,path_1,2.0,path_1,2.0,path_1,2.0,path_1,2.0,path_1,2.0,path_1,2.0,path_1,2.0,path_1,2.0,path_1,2.0,path_1,2.0,path_1,2.0,path_1,2.0,path_1,2.0,path_1,2.0,100.0,0,0,0.0,0.0,0.0,0.0
112,75.00000000007367,path_1,3.0,path_1,3.0,path_1,3.0,path_1,3.0,path_1,3.0,path_1,3.0,path_1,3.0,path_1,3.0,path_1,3.0,path_1,3.0,path_1,3.0,path_1,3.0,path_1,3.0,path_1,3.0,path_1,3.0,path_1,3.0,path_1,3.0,path_1,3.0,path_1,3.0,path_1,3.0,path_1,3.0,path_1,3.0,path_1,3.0,path_1,3.0,path_1,3.0,50.0,0,0,0.0,0.0,0.0,0.0
113,100.00000000007367,path_1,4.0,path_1,4.0,path_1,4.0,path_1,4.0,path_1,4.0,path_1,4.0,path_1,4.0,path_1,4.0,path_1,4.0,path_1,4.0,path_1,4.0,path_1,4.0,path_1,4.0,path_1,4.0,path_1,4.0,path_1,4.0,path_1,4.0,path_1,4.0,path_1,4.0,path_1,4.0,path_1,4.0,path_1,4.0,path_1,4.0,path_1,4.0,path_1,4.0,75.0,0,0,0.0,0.0,0.0,0.0
114,50.000000000036835,path_1,2.0,path_1,2.0,path_1,2.0,path_1,2.0,path_1,2.0,path_1,2.0,path_1,2.0,path_1,2.0,path_1,2.0,path_1,2.0,path_1,2.0,path_1,2.0,path_1,2.0,path_1,2.0,path_1,2.0,path_1,2.0,path_1,2.0,path_1,2.0,path_1,2.0,path_1,2.0,path_1,2.0,path_1,2.0,path_1,2.0,path_1,2.0,path_1,2.0,100.0,0,0,0.0,0.0,0.0,0.0
115,75.00000000003683,path_1,3.0,path_1,3.0,path_1,3.0,path_1,3.0,path_1,3.0,path_1,3.0,path_1,3.0,path_1,3.0,path_1,3.0,path_1,3.0,path_1,3.0,path_1,3.0,path_1,3.0,path_1,3.0,path_1,3.0,path_1,3.0,path_1,3.0,path_1,3.0,path_1,3.0,path_1,3.0,path_1,3.0,path_1,3.0,path_1,3.0,path_1,3.0,path_1,3.0,50.0,0,0,0.0,0.0,0.0,0.0
116,100.00000000003683,path_1,4.0,path_1,4.0,path_1,4.0,path_1,4.0,path_1,4.0,path_1,4.0,path_1,4.0,path_1,4.0,path_1,4.0,path_1,4.0,path_1,4.0,path_1,4.0,path_1,4.0,path_1,4.0,path_1,4.0,path_1,4.0,path_1,4.0,path_1,4.0,path_1,4.0,path_1,4.0,path_1,4.0,path_1,4.0,path_1,4.0,path_1,4.0,path_1,4.0,75.0,0,0,0.0,0.0,0.0,0.0
117,50.00000000001842,path_1,2.0,path_1,2.0,path_1,2.0,path_1,2.0,path_1,2.0,path_1,2.0,path_1,2.0,path_1,2.0,path_1,2.0,path_1,2.0,path_1,2.0,path_1,2.0,path_1,2.0,path_1,2.0,path_1,2.0,path_1,2.0,path_1,2.0,path_1,2.0,path_1,2.0,path_1,2.0,path_1,2.0,path_1,2.0,path_1,2.0,path_1,2.0,path_1,2.0,100.0,0,0,0.0,0.0,0.0,0.0
118,75.00000000001842,path_1,3.0,path_1,3.0,path_1,3.0,path_1,3.0,path_1,3.0,path_1,3.0,path_1,3.0,path_1,3.0,path_1,3.0,path_1,3.0,path_1,3.0,path_1,3.0,path_1,3.0,path_1,3.0,path_1,3.0,path_1,3.0,path_1,3.0,path_1,3.0,path_1,3.0,path_1,3.0,path_1,3.0,path_1,3.0,path_1,3.0,path_1,3.0,path_1,3.0,50.0,0,0,0.0,0.0,0.0,0.0
119,100.00000000001842,path_1,4.0,path_1,4.0,path_1,4.0,path_1,4.0,path_1,4.0,path_1,4.0,path_1,4.0,path_1,4.0,path_1,4.0,path_1,4.0,path_1,4.0,path_1,4.0,path_1,4.0,path_1,4.0,path_1,4.0,path_1,4.0,path_1,4.0,path_1,4.0,path_1,4.0,path_1,4.0,path_1,4.0,path_1,4.0,path_1,4.0,path_1,4.0,path_1,4.0,75.0,0,0,0.0,0.0,0.0,0.0
120,50.00000000000921,path_1,2.0,path_1,2.0,path_1,2.0,path_1,2.0,path_1,2.0,path_1,2.0,path_1,2.0,path_1,2.0,path_1,2.0,path_1,2.0,path_1,2.0,path_1,2.0,path_1,2.0,path_1,2.0,path_1,2.0,path_1,2.0,path_1,2.0,path_1,2.0,path_1,2.0,path_1,2.0,path_1,2.0,path_1,2.0,path_1,2.0,path_1,2.0,path_1,2.0,100.0,0,0,0.0,0.0,0.0,0.0
121,75.00000000000921,path_1,3.0,path_1,3.0,path_1,3.0,path_1,3.0,path_1,3.0,path_1,3.0,path_1,3.0,path_1,3.0,path_1,3.0,path_1,3.0,path_1,3.0,path_1,3.0,path_1,3.0,path_1,3.0,path_1,3.0,path_1,3.0,path_1,3.0,path_1,3.0,path_1,3.0,path_1,3.0,path_1,3.0,path_1,3.0,path_1,3.0,path_1,3.0,path_1,3.0,50.0,0,0,0.0,0.0,0.0,0.0
122,100.00000000000921,path_1,4.0,path_1,4.0,path_1,4.0,path_1,4.0,path_1,4.0,path_1,4.0,path_1,4.0,path_1,4.0,path_1,4.0,path_1,4.0,path_1,4.0,path_1,4.0,path_1,4.0,path_1,4.0,path_1,4.0,path_1,4.0,path_1,4.0,path_1,4.0,path_1,4.0,path_1,4.0,path_1,4.0,path_1,4.0,path_1,4.0,path_1,4.0,path_1,4.0,75.0,0,0,0.0,0.0,0.0,0.0
123,50.000000000004604,path_1,2.0,path_1,2.0,path_1,2.0,path_1,2.0,path_1,2.0,path_1,2.0,path_1,2.0,path_1,2.0,path_1,2.0,path_1,2.0,path_1,2.0,path_1,2.0,path_1,2.0,path_1,2.0,path_1,2.0,path_1,2.0,path_1,2.0,path_1,2.0,path_1,2.0,path_1,2.0,path_1,2.0,path_1,2.0,path_1,2.0,path_1,2.0,path_1,2.0,100.0,0,0,0.0,0.0,0.0,0.0
124,75.0000000000046,path_1,3.0,path_1,3.0,path_1,3.0,path_1,3.0,path_1,3.0,path_1,3.0,path_1,3.0,path_1,3.0,path_1,3.0,path_1,3.0,path_1,3.0,path_1,3.0,path_1,3.0,path_1,3.0,path_1,3.0,path_1,3.0,path_1,3.0,path_1,3.0,path_1,3.0,path_1,3.0,path_1,3.0,path_1,3.0,path_1,3.0,path_1,3.0,path_1,3.0,50.0,0,0,0.0,0.0,0.0,0.0
125,100.0000000000046,path_1,4.0,path_1,4.0,path_1,4.0,path_1,4.0,path_1,4.0,path_1,4.0,path_1,4.0,path_1,4.0,path_1,4.0,path_1,4.0,path_1,4.0,path_1,4.0,path_1,4.0,path_1,4.0,path_1,4.0,path_1,4.0,path_1,4.0,path_1,4.0,path_1,4.0,path_1,4.0,path_1,4.0,path_1,4.0,path_1,4.0,path_1,4.0,path_1,4.0,75.0,0,0,0.0,0.0,0.0,0.0
126,50.0000000000023,path_1,2.0,path_1,2.0,path_1,2.0,path_1,2.0,path_1,2.0,path_1,2.0,path_1,2.0,path_1,2.0,path_1,2.0,path_1,2.0,path_1,2.0,path_1,2.0,path_1,2.0,path_1,2.0,path_1,2.0,path_1,2.0,path_1,2.0,path_1,2.0,path_1,2.0,path_1,2.0,path_1,2.0,path_1,2.0,path_1,2.0,path_1,2.0,path_1,2.0,100.0,0,0,0.0,0.0,0.0,0.0
127,75.0000000000023,path_1,3.0,path_1,3.0,path_1,3.0,path_1,3.0,path_1,3.0,path_1,3.0,path_1,3.0,path_1,3.0,path_1,3.0,path_1,3.0,path_1,3.0,path_1,3.0,path_1,3.0,path_1,3.0,path_1,3.0,path_1,3.0,path_1,3.0,path_1,3.0,path_1,3.0,path_1,3.0,path_1,3.0,path_1,3.0,path_1,3.0,path_1,3.0,path_1,3.0,50.0,0,0,0.0,0.0,0.0,0.0
128,100.0000000000023,path_1,4.0,path_1,4.0,path_1,4.0,path_1,4.0,path_1,4.0,path_1,4.0,path_1,4.0,path_1,4.0,path_1,4.0,path_1,4.0,path_1,4.0,path_1,4.0,path_1,4.0,path_1,4.0,path_1,4.0,path_1,4.0,path_1,4.0,path_1,4.0,path_1,4.0,path_1,4.0,path_1,4.0,path_1,4.0,path_1,4.0,path_1,4.0,path_1,4.0,75.0,0,0,0.0,0.0,0.0,0.0
129,50.00000000000115,path_1,2.0,path_1,2.0,path_1,2.0,path_1,2.0,path_1,2.0,path_1,2.0,path_1,2.0,path_1,2.0,path_1,2.0,path_1,2.0,path_1,2.0,path_1,2.0,path_1,2.0,path_1,2.0,path_1,2.0,path_1,2.0,path_1,2.0,path_1,2.0,path_1,2.0,path_1,2.0,path_1,2.0,path_1,2.0,path_1,2.0,path_1,2.0,path_1,2.0,100.0,0,0,0.0,0.0,0.0,0.0
130,75.00000000000115,path_1,3.0,path_1,3.0,path_1,3.0,path_1,3.0,path_1,3.0,path_1,3.0,path_1,3.0,path_1,3.0,path_1,3.0,path_1,3.0,path_1,3.0,path_1,3.0,path_1,3.0,path_1,3.0,path_1,3.0,path_1,3.0,path_1,3.0,path_1,3.0,path_1,3.0,path_1,3.0,path_1,3.0,path_1,3.0,path_1,3.0,path_1,3.0,path_1,3.0,50.0,0,0,0.0,0.0,0.0,0.0
131,100.00000000000115,path_1,4.0,path_1,4.0,path_1,4.0,path_1,4.0,path_1,4.0,path_1,4.0,path_1,4.0,path_1,4.0,path_1,4.0,path_1,4.0,path_1,4.0,path_1,4.0,path_1,4.0,path_1,4.0,path_1,4.0,path_1,4.0,path_1,4.0,path_1,4.0,path_1,4.0,path_1,4.0,path_1,4.0,path_1,4.0,path_1,4.0,path_1,4.0,path_1,4.0,75.0,0,0,0.0,0.0,0.0,0.0
132,50.000000000000576,path_1,2.0,path_1,2.0,path_1,2.0,path_1,2.0,path_1,2.0,path_1,2.0,path_1,2.0,path_1,2.0,path_1,2.0,path_1,2.0,path_1,2.0,path_1,2.0,path_1,2.0,path_1,2.0,path_1,2.0,path_1,2.0,path_1,2.0,path_1,2.0,path_1,2.0,path_1,2.0,path_1,2.0,path_1,2.0,path_1,2.0,path_1,2.0,path_1,2.0,100.0,0,0,0.0,0.0,0.0,0.0
133,75.00000000000057,path_1,3.0,path_1,3.0,path_1,3.0,path_1,3.0,path_1,3.0,path_1,3.0,path_1,3.0,path_1,3.0,path_1,3.0,path_1,3.0,path_1,3.0,path_1,3.0,path_1,3.0,path_1,3.0,path_1,3.0,path_1,3.0,path_1,3.0,path_1,3.0,path_1,3.0,path_1,3.0,path_1,3.0,path_1,3.0,path_1,3.0,path_1,3.0,path_1,3.0,50.0,0,0,0.0,0.0,0.0,0.0
134,100.00000000000057,path_1,4.0,path_1,4.0,path_1,4.0,path_1,4.0,path_1,4.0,path_1,4.0,path_1,4.0,path_1,4.0,path_1,4.0,path_1,4.0,path_1,4.0,path_1,4.0,path_1,4.0,path_1,4.0,path_1,4.0,path_1,4.0,path_1,4.0,path_1,4.0,path_1,4.0,path_1,4.0,path_1,4.0,path_1,4.0,path_1,4.0,path_1,4.0,path_1,4.0,75.0,0,0,0.0,0.0,0.0,0.0
135,50.000000000000284,path_1,2.0,path_1,2.0,path_1,2.0,path_1,2.0,path_1,2.0,path_1,2.0,path_1,2.0,path_1,2.0,path_1,2.0,path_1,2.0,path_1,2.0,path_1,2.0,path_1,2.0,path_1,2.0,path_1,2.0,path_1,2.0,path_1,2.0,path_1,2.0,path_1,2.0,path_1,2.0,path_1,2.0,path_1,2.0,path_1,2.0,path_1,2.0,path_1,2.0,100.0,0,0,0.0,0.0,0.0,0.0
136,75.00000000000028,path_1,3.0,path_1,3.0,path_1,3.0,path_1,3.0,path_1,3.0,path_1,3.0,path_1,3.0,path_1,3.0,path_1,3.0,path_1,3.0,path_1,3.0,path_1,3.0,path_1,3.0,path_1,3.0,path_1,3.0,path_1,3.0,path_1,3.0,path_1,3.0,path_1,3.0,path_1,3.0,path_1,3.0,path_1,3.0,path_1,3.0,path_1,3.0,path_1,3.0,50.0,0,0,0.0,0.0,0.0,0.0
137,100.00000000000028,path_1,4.0,path_1,4.0,path_1,4.0,path_1,4.0,path_1,4.0,path_1,4.0,path_1,4.0,path_1,4.0,path_1,4.0,path_1,4.0,path_1,4.0,path_1,4.0,path_1,4.0,path_1,4.0,path_1,4.0,path_1,4.0,path_1,4.0,path_1,4.0,path_1,4.0,path_1,4.0,path_1,4.0,path_1,4.0,path_1,4.0,path_1,4.0,path_1,4.0,75.0,0,0,0.0,0.0,0.0,0.0
138,50.00000000000014,path_1,2.0,path_1,2.0,path_1,2.0,path_1,2.0,path_1,2.0,path_1,2.0,path_1,2.0,path_1,2.0,path_1,2.0,path_1,2.0,path_1,2.0,path_1,2.0,path_1,2.0,path_1,2.0,path_1,2.0,path_1,2.0,path_1,2.0,path_1,2.0,path_1,2.0,path_1,2.0,path_1,2.0,path_1,2.0,path_1,2.0,path_1,2.0,path_1,2.0,100.0,0,0,0.0,0.0,0.0,0.0
139,75.00000000000014,path_1,3.0,path_1,3.0,path_1,3.0,path_1,3.0,path_1,3.0,path_1,3.0,path_1,3.0,path_1,3.0,path_1,3.0,path_1,3.0,path_1,3.0,path_1,3.0,path_1,3.0,path_1,3.0,path_1,3.0,path_1,3.0,path_1,3.0,path_1,3.0,path_1,3.0,path_1,3.0,path_1,3.0,path_1,3.0,path_1,3.0,path_1,3.0,path_1,3.0,50.0,0,0,0.0,0.0,0.0,0.0
140,100.00000000000014,path_1,4.0,path_1,4.0,path_1,4.0,path_1,4.0,path_1,4.0,path_1,4.0,path_1,4.0,path_1,4.0,path_1,4.0,path_1,4.0,path_1,4.0,path_1,4.0,path_1,4.0,path_1,4.0,path_1,4.0,path_1,4.0,path_1,4.0,path_1,4.0,path_1,4.0,path_1,4.0,path_1,4.0,path_1,4.0,path_1,4.0,path_1,4.0,path_1,4.0,75.0,0,0,0.0,0.0,0.0,0.0
141,50.00000000000007,path_1,2.0,path_1,2.0,path_1,2.0,path_1,2.0,path_1,2.0,path_1,2.0,path_1,2.0,path_1,2.0,path_1,2.0,path_1,2.0,path_1,2.0,path_1,2.0,path_1,2.0,path_1,2.0,path_1,2.0,path_1,2.0,path_1,2.0,path_1,2.0,path_1,2.0,path_1,2.0,path_1,2.0,path_1,2.0,path_1,2.0,path_1,2.0,path_1,2.0,100.0,0,0,0.0,0.0,0.0,0.0
142,75.00000000000007,path_1,3.0,path_1,3.0,path_1,3.0,path_1,3.0,path_1,3.0,path_1,3.0,path_1,3.0,path_1,3.0,path_1,3.0,path_1,3.0,path_1,3.0,path_1,3.0,path_1,3.0,path_1,3.0,path_1,3.0,path_1,3.0,path_1,3.0,path_1,3.0,path_1,3.0,path_1,3.0,path_1,3.0,path_1,3.0,path_1,3.0,path_1,3.0,path_1,3.0,50.0,0,0,0.0,0.0,0.0,0.0
143,100.00000000000007,path_1,4.0,path_1,4.0,path_1,4.0,path_1,4.0,path_1,4.0,path_1,4.0,path_1,4.0,path_1,4.0,path_1,4.0,path_1,4.0,path_1,4.0,path_1,4.0,path_1,4.0,path_1,4.0,path_1,4.0,path_1,4.0,path_1,4.0,path_1,4.0,path_1,4.0,path_1,4.0,path_1,4.0,path_1,4.0,path_1,4.0,path_1,4.0,path_1,4.0,75.0,0,0,0.0,0.0,0.0,0.0
144,50.000000000000036,path_1,2.0,path_1,2.0,path_1,2.0,path_1,2.0,path_1,2.0,path_1,2.0,path_1,2.0,path_1,2.0,path_1,2.0,path_1,2.0,path_1,2.0,path_1,2.0,path_1,2.0,path_1,2.0,path_1,2.0,path_1,2.0,path_1,2.0,path_1,2.0,path_1,2.0,path_1,2.0,path_1,2.0,path_1,2.0,path_1,2.0,path_1,2.0,path_1,2.0,100.0,0,0,0.0,0.0,0.0,0.0
145,75.00000000000004,path_1,3.0,path_1,3.0,path_1,3.0,path_1,3.0,path_1,3.0,path_1,3.0,path_1,3.0,path_1,3.0,path_1,3.0,path_1,3.0,path_1,3.0,path_1,3.0,path_1,3.0,path_1,3.0,path_1,3.0,path_1,3.0,path_1,3.0,path_1,3.0,path_1,3.0,path_1,3.0,path_1,3.0,path_1,3.0,path_1,3.0,path_1,3.0,path_1,3.0,50.0,0,0,0.0,0.0,0.0,0.0
146,100.00000000000004,path_1,4.0,path_1,4.0,path_1,4.0,path_1,4.0,path_1,4.0,path_1,4.0,path_1,4.0,path_1,4.0,path_1,4.0,path_1,4.0,path_1,4.0,path_1,4.0,path_1,4.0,path_1,4.0,path_1,4.0,path_1,4.0,path_1,4.0,path_1,4.0,path_1,4.0,path_1,4.0,path_1,4.0,path_1,4.0,path_1,4.0,path_1,4.0,path_1,4.0,75.0,0,0,0.0,0.0,0.0,0.0
147,50.00000000000002,path_1,2.0,path_1,2.0,path_1,2.0,path_1,2.0,path_1,2.0,path_1,2.0,path_1,2.0,path_1,2.0,path_1,2.0,path_1,2.0,path_1,2.0,path_1,2.0,path_1,2.0,path_1,2.0,path_1,2.0,path_1,2.0,path_1,2.0,path_1,2.0,path_1,2.0,path_1,2.0,path_1,2.0,path_1,2.0,path_1,2.0,path_1,2.0,path_1,2.0,100.0,0,0,0.0,0.0,0.0,0.0
148,75.00000000000001,path_1,3.0,path_1,3.0,path_1,3.0,path_1,3.0,path_1,3.0,path_1,3.0,path_1,3.0,path_1,3.0,path_1,3.0,path_1,3.0,path_1,3.0,path_1,3.0,path_1,3.0,path_1,3.0,path_1,3.0,path_1,3.0,path_1,3.0,path_1,3.0,path_1,3.0,path_1,3.0,path_1,3.0,path_1,3.0,path_1,3.0,path_1,3.0,path_1,3.0,50.0,0,0,0.0,0.0,0.0,0.0
149,100.00000000000001,path_1,4.0,path_1,4.0,path_1,4.0,path_1,4.0,path_1,4.0,path_1,4.0,path_1,4.0,path_1,4.0,path_1,4.0,path_1,4.0,path_1,4.0,path_1,4.0,path_1,4.0,path_1,4.0,path_1,4.0,path_1,4.0,path_1,4.0,path_1,4.0,path_1,4.0,path_1,4.0,path_1,4.0,path_1,4.0,path_1,4.0,path_1,4.0,path_1,4.0,75.0,0,0,0.0,0.0,0.0,0.0
150,50.00000000000001,path_1,2.0,path_1,2.0,path_1,2.0,path_1,2.0,path_1,2.0,path_1,2.0,path_1,2.0,path_1,2.0,path_1,2.0,path_1,2.0,path_1,2.0,path_1,2.0,path_1,2.0,path_1,2.0,path_1,2.0,path_1,2.0,path_1,2.0,path_1,2.0,path_1,2.0,path_1,2.0,path_1,2.0,path_1,2.0,path_1,2.0,path_1,2.0,path_1,2.0,100.0,0,0,0.0,0.0,0.0,0.0
151,75.00000000000001,path_1,3.0,path_1,3.0,path_1,3.0,path_1,3.0,path_1,3.0,path_1,3.0,path_1,3.0,path_1,3.0,path_1,3.0,path_1,3.0,path_1,3.0,path_1,3.0,path_1,3.0,path_1,3.0,path_1,3.0,path_1,3.0,path_1,3.0,path_1,3.0,path_1,3.0,path_1,3.0,path_1,3.0,path_1,3.0,path_1,3.0,path_1,3.0,path_1,3.0,50.0,0,0,0.0,0.0,0.0,0.0
152,100.00000000000001,path_1,4.0,path_1,4.0,path_1,4.0,path_1,4.0,path_1,4.0,path_1,4.0,path_1,4.0,path_1,4.0,path_1,4.0,path_1,4.0,path_1,4.0,path_1,4.0,path_1,4.0,path_1,4.0,path_1,4.0,path_1,4.0,path_1,4.0,path_1,4.0,path_1,4.0,path_1,4.0,path_1,4.0,path_1,4.0,path_1,4.0,path_1,4.0,path_1,4.0,75.0,0,0,0.0,0.0,0.0,0.0
153,125.00000000000001,path_1,5.0,path_1,5.0,path_1,5.0,path_1,5.0,path_1,5.0,path_1,5.0,path_1,5.0,path_1,5.0,path_1,5.0,path_1,5.0,path_1,5.0,path_1,5.0,path_1,5.0,path_1,5.0,path_1,5.0,path_1,5.0,path_1,5.0,path_1,5.0,path_1,5.0,path_1,5.0,path_1,5.0,path_1,5.0,path_1,5.0,path_1,5.0,path_1,5.0,100.0,0,0,0.0,0.0,0.0,0.0
154,62.50000000000001,path_1,2.5,path_1,2.5,path_1,2.5,path_1,2.5,path_1,2.5,path_1,2.5,path_1,2.5,path_1,2.5,path_1,2.5,path_1,2.5,path_1,2.5,path_1,2.5,path_1,2.5,path_1,2.5,path_1,2.5,path_1,2.5,path_1,2.5,path_1,2.5,path_1,2.5,path_1,2.5,path_1,2.5,path_1,2.5,path_1,2.5,path_1,2.5,path_1,2.5,125.0,0,0,25.0,0.0,0.0,25.0
155,87.5,path_1,3.5,path_1,3.5,path_1,3.5,path_1,3.5,path_1,3.5,path_1,3.5,path_1,3.5,path_1,3.5,path_1,3.5,path_1,3.5,path_1,3.5,path_1,3.5,path_1,3.5,path_1,3.5,path_1,3.5,path_1,3.5,path_1,3.5,path_1,3.5,path_1,3.5,path_1,3.5,path_1,3.5,path_1,3.5,path_1,3.5,path_1,3.5,path_1,3.5,62.5,0,0,0.0,0.0,0.0,0.0
156,112.5,path_1,4.5,path_1,4.5,path_1,4.5,path_1,4.5,path_1,4.5,path_1,4.5,path_1,4.5,path_1,4.5,path_1,4.5,path_1,4.5,path_1,4.5,path_1,4.5,path_1,4.5,path_1,4.5,path_1,4.5,path_1,4.5,path_1,4.5,path_1,4.5,path_1,4.5,path_1,4.5,path_1,4.5,path_1,4.5,path_1,4.5,path_1,4.5,path_1,4.5,87.5,0,0,0.0,0.0,0.0,0.0
157,56.25,path_1,2.25,path_1,2.25,path_1,2.25,path_1,2.25,path_1,2.25,path_1,2.25,path_1,2.25,path_1,2.25,path_1,2.25,path_1,2.25,path_1,2.25,path_1,2.25,path_1,2.25,path_1,2.25,path_1,2.25,path_1,2.25,path_1,2.25,path_1,2.25,path_1,2.25,path_1,2.25,path_1,2.25,path_1,2.25,path_1,2.25,path_1,2.25,path_1,2.25,112.5,0,0,12.5,0.0,0.0,12.5
158,81.25,path_1,3.25,path_1,3.25,path_1,3.25,path_1,3.25,path_1,3.25,path_1,3.25,path_1,3.25,path_1,3.25,path_1,3.25,path_1,3.25,path_1,3.25,path_1,3.25,path_1,3.25,path_1,3.25,path_1,3.25,path_1,3.25,path_1,3.25,path_1,3.25,path_1,3.25,path_1,3.25,path_1,3.25,path_1,3.25,path_1,3.25,path_1,3.25,path_1,3.25,56.25,0,0,0.0,0.0,0.0,0.0
159,106.25,path_1,4.25,path_1,4.25,path_1,4.25,path_1,4.25,path_1,4.25,path_1,4.25,path_1,4.25,path_1,4.25,path_1,4.25,path_1,4.25,path_1,4.25,path_1,4.25,path_1,4.25,path_1,4.25,path_1,4.25,path_1,4.25,path_1,4.25,path_1,4.25,path_1,4.25,path_1,4.25,path_1,4.25,path_1,4.25,path_1,4.25,path_1,4.25,path_1,4.25,81.25,0,0,0.0,0.0,0.0,0.0
160,53.125,path_1,2.12,path_1,2.12,path_1,2.13,path_1,2.12,path_1,2.12,path_1,2.12,path_1,2.12,path_1,2.12,path_1,2.12,path_1,2.12,path_1,2.12,path_1,2.12,path_1,2.12,path_1,2.12,path_1,2.12,path_1,2.12,path_1,2.12,path_1,2.12,path_1,2.12,path_1,2.12,path_1,2.12,path_1,2.12,path_1,2.12,path_1,2.12,path_1,2.12,106.25,0,0,6.25,0.0,0.0,6.25
161,78.125,path_1,3.12,path_1,3.12,path_1,3.13,path_1,3.12,path_1,3.12,path_1,3.12,path_1,3.12,path_1,3.12,path_1,3.12,path_1,3.12,path_1,3.12,path_1,3.12,path_1,3.12,path_1,3.12,path_1,3.12,path_1,3.12,path_1,3.12,path_1,3.12,path_1,3.12,path_1,3.12,path_1,3.12,path_1,3.12,path_1,3.12,path_1,3.12,path_1,3.12,53.12,0,0,0.0,0.0,0.0,0.0
162,103.125,path_1,4.12,path_1,4.12,path_1,4.12,path_1,4.12,path_1,4.12,path_1,4.12,path_1,4.12,path_1,4.12,path_1,4.12,path_1,4.12,path_1,4.12,path_1,4.12,path_1,4.12,path_1,4.12,path_1,4.12,path_1,4.12,path_1,4.12,path_1,4.12,path_1,4.12,path_1,4.12,path_1,4.12,path_1,4.12,path_1,4.12,path_1,4.12,path_1,4.12,78.12,0,0,0.0,0.0,0.0,0.0
163,51.5625,path_1,2.06,path_1,2.06,path_1,2.06,path_1,2.06,path_1,2.06,path_1,2.06,path_1,2.06,path_1,2.06,path_1,2.06,path_1,2.06,path_1,2.06,path_1,2.06,path_1,2.06,path_1,2.06,path_1,2.06,path_1,2.06,path_1,2.06,path_1,2.06,path_1,2.06,path_1,2.06,path_1,2.06,path_1,2.06,path_1,2.06,path_1,2.06,path_1,2.06,103.12,0,0,3.12,0.0,0.0,3.12
164,76.5625,path_1,3.06,path_1,3.06,path_1,3.06,path_1,3.06,path_1,3.06,path_1,3.06,path_1,3.06,path_1,3.06,path_1,3.06,path_1,3.06,path_1,3.06,path_1,3.06,path_1,3.06,path_1,3.06,path_1,3.06,path_1,3.06,path_1,3.06,path_1,3.06,path_1,3.06,path_1,3.06,path_1,3.06,path_1,3.06,path_1,3.06,path_1,3.06,path_1,3.06,51.56,0,0,0.0,0.0,0.0,0.0
165,101.5625,path_1,4.06,path_1,4.06,path_1,4.06,path_1,4.06,path_1,4.06,path_1,4.06,path_1,4.06,path_1,4.06,path_1,4.06,path_1,4.06,path_1,4.06,path_1,4.06,path_1,4.06,path_1,4.06,path_1,4.06,path_1,4.06,path_1,4.06,path_1,4.06,path_1,4.06,path_1,4.06,path_1,4.06,path_1,4.06,path_1,4.06,path_1,4.06,path_1,4.06,76.56,0,0,0.0,0.0,0.0,0.0
166,50.78125,path_1,2.03,path_1,2.03,path_1,2.03,path_1,2.03,path_1,2.03,path_1,2.03,path_1,2.03,path_1,2.03,path_1,2.03,path_1,2.03,path_1,2.03,path_1,2.03,path_1,2.03,path_1,2.03,path_1,2.03,path_1,2.03,path_1,2.03,path_1,2.03,path_1,2.03,path_1,2.03,path_1,2.03,path_1,2.03,path_1,2.03,path_1,2.03,path_1,2.03,101.56,0,0,1.56,0.0,0.0,1.56
167,75.78125,path_1,3.03,path_1,3.03,path_1,3.03,path_1,3.03,path_1,3.03,path_1,3.03,path_1,3.03,path_1,3.03,path_1,3.03,path_1,3.03,path_1,3.03,path_1,3.03,path_1,3.03,path_1,3.03,path_1,3.03,path_1,3.03,path_1,3.03,path_1,3.03,path_1,3.03,path_1,3.03,path_1,3.03,path_1,3.03,path_1,3.03,path_1,3.03,path_1,3.03,50.78,0,0,0.0,0.0,0.0,0.0
168,100.78125,path_1,4.03,path_1,4.03,path_1,4.03,path_1,4.03,path_1,4.03,path_1,4.03,path_1,4.03,path_1,4.03,path_1,4.03,path_1,4.03,path_1,4.03,path_1,4.03,path_1,4.03,path_1,4.03,path_1,4.03,path_1,4.03,path_1,4.03,path_1,4.03,path_1,4.03,path_1,4.03,path_1,4.03,path_1,4.03,path_1,4.03,path_1,4.03,path_1,4.03,75.78,0,0,0.0,0.0,0.0,0.0
169,50.390625,path_1,2.02,path_1,2.02,path_1,2.02,path_1,2.02,path_1,2.02,path_1,2.02,path_1,2.02,path_1,2.02,path_1,2.02,path_1,2.02,path_1,2.02,path_1,2.02,path_1,2.02,path_1,2.02,path_1,2.02,path_1,2.02,path_1,2.02,path_1,2.02,path_1,2.02,path_1,2.02,path_1,2.02,path_1,2.02,path_1,2.02,path_1,2.02,path_1,2.02,100.78,0,0,0.78,0.0,0.0,0.78
170,75.390625,path_1,3.02,path_1,3.02,path_1,3.02,path_1,3.02,path_1,3.02,path_1,3.02,path_1,3.02,path_1,3.02,path_1,3.02,path_1,3.02,path_1,3.02,path_1,3.02,path_1,3.02,path_1,3.02,path_1,3.02,path_1,3.02,path_1,3.02,path_1,3.02,path_1,3.02,path_1,3.02,path_1,3.02,path_1,3.02,path_1,3.02,path_1,3.02,path_1,3.02,50.39,0,0,0.0,0.0,0.0,0.0
171,100.390625,path_1,4.02,path_1,4.02,path_1,4.02,path_1,4.02,path_1,4.02,path_1,4.02,path_1,4.02,path_1,4.02,path_1,4.02,path_1,4.02,path_1,4.02,path_1,4.02,path_1,4.02,path_1,4.02,path_1,4.02,path_1,4.02,path_1,4.02,path_1,4.02,path_1,4.02,path_1,4.02,path_1,4.02,path_1,4.02,path_1,4.02,path_1,4.02,path_1,4.02,75.39,0,0,0.0,0.0,0.0,0.0
172,50.1953125,path_1,2.01,path_1,2.01,path_1,2.01,path_1,2.01,path_1,2.01,path_1,2.01,path_1,2.01,path_1,2.01,path_1,2.01,path_1,2.01,path_1,2.01,path_1,2.01,path_1,2.01,path_1,2.01,path_1,2.01,path_1,2.01,path_1,2.01,path_1,2.01,path_1,2.01,path_1,2.01,path_1,2.01,path_1,2.01,path_1,2.01,path_1,2.01,path_1,2.01,100.39,0,0,0.39,0.0,0.0,0.39
173,75.1953125,path_1,3.01,path_1,3.01,path_1,3.01,path_1,3.01,path_1,3.01,path_1,3.01,path_1,3.01,path_1,3.01,path_1,3.01,path_1,3.01,path_1,3.01,path_1,3.01,path_1,3.01,path_1,3.01,path_1,3.01,path_1,3.01,path_1,3.01,path_1,3.01,path_1,3.01,path_1,3.01,path_1,3.01,path_1,3.01,path_1,3.01,path_1,3.01,path_1,3.01,50.2,0,0,0.0,0.0,0.0,0.0
174,100.1953125,path_1,4.01,path_1,4.01,path_1,4.01,path_1,4.01,path_1,4.01,path_1,4.01,path_1,4.01,path_1,4.01,path_1,4.01,path_1,4.01,path_1,4.01,path_1,4.01,path_1,4.01,path_1,4.01,path_1,4.01,path_1,4.01,path_1,4.01,path_1,4.01,path_1,4.01,path_1,4.01,path_1,4.01,path_1,4.01,path_1,4.01,path_1,4.01,path_1,4.01,75.2,0,0,0.0,0.0,0.0,0.0
175,50.09765625,path_1,2.0,path_1,2.0,path_1,2.0,path_1,2.0,path_1,2.0,path_1,2.0,path_1,2.0,path_1,2.0,path_1,2.0,path_1,2.0,path_1,2.0,path_1,2.0,path_1,2.0,path_1,2.0,path_1,2.0,path_1,2.0,path_1,2.0,path_1,2.0,path_1,2.0,path_1,2.0,path_1,2.0,path_1,2.0,path_1,2.0,path_1,2.0,path_1,2.0,100.2,0,0,0.2,0.0,0.0,0.2
176,75.09765625,path_1,3.0,path_1,3.0,path_1,3.0,path_1,3.0,path_1,3.0,path_1,3.0,path_1,3.0,path_1,3.0,path_1,3.0,path_1,3.0,path_1,3.0,path_1,3.0,path_1,3.0,path_1,3.0,path_1,3.0,path_1,3.0,path_1,3.0,path_1,3.0,path_1,3.0,path_1,3.0,path_1,3.0,path_1,3.0,path_1,3.0,path_1,3.0,path_1,3.0,50.1,0,0,0.0,0.0,0.0,0.0
177,100.09765625,path_1,4.0,path_1,4.0,path_1,4.0,path_1,4.0,path_1,4.0,path_1,4.0,path_1,4.0,path_1,4.0,path_1,4.0,path_1,4.0,path_1,4.0,path_1,4.0,path_1,4.0,path_1,4.0,path_1,4.0,path_1,4.0,path_1,4.0,path_1,4.0,path_1,4.0,path_1,4.0,path_1,4.0,path_1,4.0,path_1,4.0,path_1,4.0,path_1,4.0,75.1,0,0,0.0,0.0,0.0,0.0
178,50.048828125,path_1,2.0,path_1,2.0,path_1,2.0,path_1,2.0,path_1,2.0,path_1,2.0,path_1,2.0,path_1,2.0,path_1,2.0,path_1,2.0,path_1,2.0,path_1,2.0,path_1,2.0,path_1,2.0,path_1,2.0,path_1,2.0,path_1,2.0,path_1,2.0,path_1,2.0,path_1,2.0,path_1,2.0,path_1,2.0,path_1,2.0,path_1,2.0,path_1,2.0,100.1,0,0,0.1,0.0,0.0,0.1
179,75.048828125,path_1,3.0,path_1,3.0,path_1,3.0,path_1,3.0,path_1,3.0,path_1,3.0,path_1,3.0,path_1,3.0,path_1,3.0,path_1,3.0,path_1,3.0,path_1,3.0,path_1,3.0,path_1,3.0,path_1,3.0,path_1,3.0,path_1,3.0,path_1,3.0,path_1,3.0,path_1,3.0,path_1,3.0,path_1,3.0,path_1,3.0,path_1,3.0,path_1,3.0,50.05,0,0,0.0,0.0,0.0,0.0
180,100.048828125,path_1,4.0,path_1,4.0,path_1,4.0,path_1,4.0,path_1,4.0,path_1,4.0,path_1,4.0,path_1,4.0,path_1,4.0,path_1,4.0,path_1,4.0,path_1,4.0,path_1,4.0,path_1,4.0,path_1,4.0,path_1,4.0,path_1,4.0,path_1,4.0,path_1,4.0,path_1,4.0,path_1,4.0,path_1,4.0,path_1,4.0,path_1,4.0,path_1,4.0,75.05,0,0,0.0,0.0,0.0,0.0
181,50.0244140625,path_1,2.0,path_1,2.0,path_1,2.0,path_1,2.0,path_1,2.0,path_1,2.0,path_1,2.0,path_1,2.0,path_1,2.0,path_1,2.0,path_1,2.0,path_1,2.0,path_1,2.0,path_1,2.0,path_1,2.0,path_1,2.0,path_1,2.0,path_1,2.0,path_1,2.0,path_1,2.0,path_1,2.0,path_1,2.0,path_1,2.0,path_1,2.0,path_1,2.0,100.05,0,0,0.05,0.0,0.0,0.05
182,75.0244140625,path_1,3.0,path_1,3.0,path_1,3.0,path_1,3.0,path_1,3.0,path_1,3.0,path_1,3.0,path_1,3.0,path_1,3.0,path_1,3.0,path_1,3.0,path_1,3.0,path_1,3.0,path_1,3.0,path_1,3.0,path_1,3.0,path_1,3.0,path_1,3.0,path_1,3.0,path_1,3.0,path_1,3.0,path_1,3.0,path_1,3.0,path_1,3.0,path_1,3.0,50.02,0,0,0.0,0.0,0.0,0.0
183,100.0244140625,path_1,4.0,path_1,4.0,path_1,4.0,path_1,4.0,path_1,4.0,path_1,4.0,path_1,4.0,path_1,4.0,path_1,4.0,path_1,4.0,path_1,4.0,path_1,4.0,path_1,4.0,path_1,4.0,path_1,4.0,path_1,4.0,path_1,4.0,path_1,4.0,path_1,4.0,path_1,4.0,path_1,4.0,path_1,4.0,path_1,4.0,path_1,4.0,path_1,4.0,75.02,0,0,0.0,0.0,0.0,0.0
184,50.01220703125,path_1,2.0,path_1,2.0,path_1,2.0,path_1,2.0,path_1,2.0,path_1,2.0,path_1,2.0,path_1,2.0,path_1,2.0,path_1,2.0,path_1,2.0,path_1,2.0,path_1,2.0,path_1,2.0,path_1,2.0,path_1,2.0,path_1,2.0,path_1,2.0,path_1,2.0,path_1,2.0,path_1,2.0,path_1,2.0,path_1,2.0,path_1,2.0,path_1,2.0,100.02,0,0,0.02,0.0,0.0,0.02
185,75.01220703125,path_1,3.0,path_1,3.0,path_1,3.0,path_1,3.0,path_1,3.0,path_1,3.0,path_1,3.0,path_1,3.0,path_1,3.0,path_1,3.0,path_1,3.0,path_1,3.0,path_1,3.0,path_1,3.0,path_1,3.0,path_1,3.0,path_1,3.0,path_1,3.0,path_1,3.0,path_1,3.0,path_1,3.0,path_1,3.0,path_1,3.0,path_1,3.0,path_1,3.0,50.01,0,0,0.0,0.0,0.0,0.0
186,100.01220703125,path_1,4.0,path_1,4.0,path_1,4.0,path_1,4.0,path_1,4.0,path_1,4.0,path_1,4.0,path_1,4.0,path_1,4.0,path_1,4.0,path_1,4.0,path_1,4.0,path_1,4.0,path_1,4.0,path_1,4.0,path_1,4.0,path_1,4.0,path_1,4.0,path_1,4.0,path_1,4.0,path_1,4.0,path_1,4.0,path_1,4.0,path_1,4.0,path_1,4.0,75.01,0,0,0.0,0.0,0.0,0.0
187,50.006103515625,path_1,2.0,path_1,2.0,path_1,2.0,path_1,2.0,path_1,2.0,path_1,2.0,path_1,2.0,path_1,2.0,path_1,2.0,path_1,2.0,path_1,2.0,path_1,2.0,path_1,2.0,path_1,2.0,path_1,2.0,path_1,2.0,path_1,2.0,path_1,2.0,path_1,2.0,path_1,2.0,path_1,2.0,path_1,2.0,path_1,2.0,path_1,2.0,path_1,2.0,100.01,0,0,0.01,0.0,0.0,0.01
188,75.006103515625,path_1,3.0,path_1,3.0,path_1,3.0,path_1,3.0,path_1,3.0,path_1,3.0,path_1,3.0,path_1,3.0,path_1,3.0,path_1,3.0,path_1,3.0,path_1,3.0,path_1,3.0,path_1,3.0,path_1,3.0,path_1,3.0,path_1,3.0,path_1,3.0,path_1,3.0,path_1,3.0,path_1,3.0,path_1,3.0,path_1,3.0,path_1,3.0,path_1,3.0,50.01,0,0,0.0,0.0,0.0,0.0
189,100.006103515625,path_1,4.0,path_1,4.0,path_1,4.0,path_1,4.0,path_1,4.0,path_1,4.0,path_1,4.0,path_1,4.0,path_1,4.0,path_1,4.0,path_1,4.0,path_1,4.0,path_1,4.0,path_1,4.0,path_1,4.0,path_1,4.0,path_1,4.0,path_1,4.0,path_1,4.0,path_1,4.0,path_1,4.0,path_1,4.0,path_1,4.0,path_1,4.0,path_1,4.0,75.01,0,0,0.0,0.0,0.0,0.0
190,50.0030517578125,path_1,2.0,path_1,2.0,path_1,2.0,path_1,2.0,path_1,2.0,path_1,2.0,path_1,2.0,path_1,2.0,path_1,2.0,path_1,2.0,path_1,2.0,path_1,2.0,path_1,2.0,path_1,2.0,path_1,2.0,path_1,2.0,path_1,2.0,path_1,2.0,path_1,2.0,path_1,2.0,path_1,2.0,path_1,2.0,path_1,2.0,path_1,2.0,path_1,2.0,100.01,0,0,0.01,0.0,0.0,0.01
191,75.0030517578125,path_1,3.0,path_1,3.0,path_1,3.0,path_1,3.0,path_1,3.0,path_1,3.0,path_1,3.0,path_1,3.0,path_1,3.0,path_1,3.0,path_1,3.0,path_1,3.0,path_1,3.0,path_1,3.0,path_1,3.0,path_1,3.0,path_1,3.0,path_1,3.0,path_1,3.0,path_1,3.0,path_1,3.0,path_1,3.0,path_1,3.0,path_1,3.0,path_1,3.0,50.0,0,0,0.0,0.0,0.0,0.0
192,100.0030517578125,path_1,4.0,path_1,4.0,path_1,4.0,path_1,4.0,path_1,4.0,path_1,4.0,path_1,4.0,path_1,4.0,path_1,4.0,path_1,4.0,path_1,4.0,path_1,4.0,path_1,4.0,path_1,4.0,path_1,4.0,path_1,4.0,path_1,4.0,path_1,4.0,path_1,4.0,path_1,4.0,path_1,4.0,path_1,4.0,path_1,4.0,path_1,4.0,path_1,4.0,75.0,0,0,0.0,0.0,0.0,0.0
193,50.00152587890625,path_1,2.0,path_1,2.0,path_1,2.0,path_1,2.0,path_1,2.0,path_1,2.0,path_1,2.0,path_1,2.0,path_1,2.0,path_1,2.0,path_1,2.0,path_1,2.0,path_1,2.0,path_1,2.0,path_1,2.0,path_1,2.0,path_1,2.0,path_1,2.0,path_1,2.0,path_1,2.0,path_1,2.0,path_1,2.0,path_1,2.0,path_1,2.0,path_1,2.0,100.0,0,0,0.0,0.0,0.0,0.0
194,75.00152587890625,path_1,3.0,path_1,3.0,path_1,3.0,path_1,3.0,path_1,3.0,path_1,3.0,path_1,3.0,path_1,3.0,path_1,3.0,path_1,3.0,path_1,3.0,path_1,3.0,path_1,3.0,path_1,3.0,path_1,3.0,path_1,3.0,path_1,3.0,path_1,3.0,path_1,3.0,path_1,3.0,path_1,3.0,path_1,3.0,path_1,3.0,path_1,3.0,path_1,3.0,50.0,0,0,0.0,0.0,0.0,0.0
195,100.00152587890625,path_1,4.0,path_1,4.0,path_1,4.0,path_1,4.0,path_1,4.0,path_1,4.0,path_1,4.0,path_1,4.0,path_1,4.0,path_1,4.0,path_1,4.0,path_1,4.0,path_1,4.0,path_1,4.0,path_1,4.0,path_1,4.0,path_1,4.0,path_1,4.0,path_1,4.0,path_1,4.0,path_1,4.0,path_1,4.0,path_1,4.0,path_1,4.0,path_1,4.0,75.0,0,0,0.0,0.0,0.0,0.0
196,50.000762939453125,path_1,2.0,path_1,2.0,path_1,2.0,path_1,2.0,path_1,2.0,path_1,2.0,path_1,2.0,path_1,2.0,path_1,2.0,path_1,2.0,path_1,2.0,path_1,2.0,path_1,2.0,path_1,2.0,path_1,2.0,path_1,2.0,path_1,2.0,path_1,2.0,path_1,2.0,path_1,2.0,path_1,2.0,path_1,2.0,path_1,2.0,path_1,2.0,path_1,2.0,100.0,0,0,0.0,0.0,0.0,0.0
197,75.00076293945312,path_1,3.0,path_1,3.0,path_1,3.0,path_1,3.0,path_1,3.0,path_1,3.0,path_1,3.0,path_1,3.0,path_1,3.0,path_1,3.0,path_1,3.0,path_1,3.0,path_1,3.0,path_1,3.0,path_1,3.0,path_1,3.0,path_1,3.0,path_1,3.0,path_1,3.0,path_1,3.0,path_1,3.0,path_1,3.0,path_1,3.0,path_1,3.0,path_1,3.0,50.0,0,0,0.0,0.0,0.0,0.0
198,100.00076293945312,path_1,4.0,path_1,4.0,path_1,4.0,path_1,4.0,path_1,4.0,path_1,4.0,path_1,4.0,path_1,4.0,path_1,4.0,path_1,4.0,path_1,4.0,path_1,4.0,path_1,4.0,path_1,4.0,path_1,4.0,path_1,4.0,path_1,4.0,path_1,4.0,path_1,4.0,path_1,4.0,path_1,4.0,path_1,4.0,path_1,4.0,path_1,4.0,path_1,4.0,75.0,0,0,0.0,0.0,0.0,0.0
199,50.00038146972656,path_1,2.0,path_1,2.0,path_1,2.0,path_1,2.0,path_1,2.0,path_1,2.0,path_1,2.0,path_1,2.0,path_1,2.0,path_1,2.0,path_1,2.0,path_1,2.0,path_1,2.0,path_1,2.0,path_1,2.0,path_1,2.0,path_1,2.0,path_1,2.0,path_1,2.0,path_1,2.0,path_1,2.0,path_1,2.0,path_1,2.0,path_1,2.0,path_1,2.0,100.0,0,0,0.0,0.0,0.0,0.0
200,75.00038146972656,path_1,3.0,path_1,3.0,path_1,3.0,path_1,3.0,path_1,3.0,path_1,3.0,path_1,3.0,path_1,3.0,path_1,3.0,path_1,3.0,path_1,3.0,path_1,3.0,path_1,3.0,path_1,3.0,path_1,3.0,path_1,3.0,path_1,3.0,path_1,3.0,path_1,3.0,path_1,3.0,path_1,3.0,path_1,3.0,path_1,3.0,path_1,3.0,path_1,3.0,50.0,0,0,0.0,0.0,0.0,0.0
201,100.00038146972656,path_1,4.0,path_1,4.0,path_1,4.0,path_1,4.0,path_1,4.0,path_1,4.0,path_1,4.0,path_1,4.0,path_1,4.0,path_1,4.0,path_1,4.0,path_1,4.0,path_1,4.0,path_1,4.0,path_1,4.0,path_1,4.0,path_1,4.0,path_1,4.0,path_1,4.0,path_1,4.0,path_1,4.0,path_1,4.0,path_1,4.0,path_1,4.0,path_1,4.0,75.0,0,0,0.0,0.0,0.0,0.0
202,50.00019073486328,path_1,2.0,path_1,2.0,path_1,2.0,path_1,2.0,path_1,2.0,path_1,2.0,path_1,2.0,path_1,2.0,path_1,2.0,path_1,2.0,path_1,2.0,path_1,2.0,path_1,2.0,path_1,2.0,path_1,2.0,path_1,2.0,path_1,2.0,path_1,2.0,path_1,2.0,path_1,2.0,path_1,2.0,path_1,2.0,path_1,2.0,path_1,2.0,path_1,2.0,100.0,0,0,0.0,0.0,0.0,0.0
203,75.00019073486328,path_1,3.0,path_1,3.0,path_1,3.0,path_1,3.0,path_1,3.0,path_1,3.0,path_1,3.0,path_1,3.0,path_1,3.0,path_1,3.0,path_1,3.0,path_1,3.0,path_1,3.0,path_1,3.0,path_1,3.0,path_1,3.0,path_1,3.0,path_1,3.0,path_1,3.0,path_1,3.0,path_1,3.0,path_1,3.0,path_1,3.0,path_1,3.0,path_1,3.0,50.0,0,0,0.0,0.0,0.0,0.0
204,100.00019073486328,path_1,4.0,path_1,4.0,path_1,4.0,path_1,4.0,path_1,4.0,path_1,4.0,path_1,4.0,path_1,4.0,path_1,4.0,path_1,4.0,path_1,4.0,path_1,4.0,path_1,4.0,path_1,4.0,path_1,4.0,path_1,4.0,path_1,4.0,path_1,4.0,path_1,4.0,path_1,4.0,path_1,4.0,path_1,4.0,path_1,4.0,path_1,4.0,path_1,4.0,75.0,0,0,0.0,0.0,0.0,0.0
205,50.00009536743164,path_1,2.0,path_1,2.0,path_1,2.0,path_1,2.0,path_1,2.0,path_1,2.0,path_1,2.0,path_1,2.0,path_1,2.0,path_1,2.0,path_1,2.0,path_1,2.0,path_1,2.0,path_1,2.0,path_1,2.0,path_1,2.0,path_1,2.0,path_1,2.0,path_1,2.0,path_1,2.0,path_1,2.0,path_1,2.0,path_1,2.0,path_1,2.0,path_1,2.0,100.0,0,0,0.0,0.0,0.0,0.0
206,75.00009536743164,path_1,3.0,path_1,3.0,path_1,3.0,path_1,3.0,path_1,3.0,path_1,3.0,path_1,3.0,path_1,3.0,path_1,3.0,path_1,3.0,path_1,3.0,path_1,3.0,path_1,3.0,path_1,3.0,path_1,3.0,path_1,3.0,path_1,3.0,path_1,3.0,path_1,3.0,path_1,3.0,path_1,3.0,path_1,3.0,path_1,3.0,path_1,3.0,path_1,3.0,50.0,0,0,0.0,0.0,0.0,0.0
207,100.00009536743164,path_1,4.0,path_1,4.0,path_1,4.0,path_1,4.0,path_1,4.0,path_1,4.0,path_1,4.0,path_1,4.0,path_1,4.0,path_1,4.0,path_1,4.0,path_1,4.0,path_1,4.0,path_1,4.0,path_1,4.0,path_1,4.0,path_1,4.0,path_1,4.0,path_1,4.0,path_1,4.0,path_1,4.0,path_1,4.0,path_1,4.0,path_1,4.0,path_1,4.0,75.0,0,0,0.0,0.0,0.0,0.0
208,50.00004768371582,path_1,2.0,path_1,2.0,path_1,2.0,path_1,2.0,path_1,2.0,path_1,2.0,path_1,2.0,path_1,2.0,path_1,2.0,path_1,2.0,path_1,2.0,path_1,2.0,path_1,2.0,path_1,2.0,path_1,2.0,path_1,2.0,path_1,2.0,path_1,2.0,path_1,2.0,path_1,2.0,path_1,2.0,path_1,2.0,path_1,2.0,path_1,2.0,path_1,2.0,100.0,0,0,0.0,0.0,0.0,0.0
209,75.00004768371582,path_1,3.0,path_1,3.0,path_1,3.0,path_1,3.0,path_1,3.0,path_1,3.0,path_1,3.0,path_1,3.0,path_1,3.0,path_1,3.0,path_1,3.0,path_1,3.0,path_1,3.0,path_1,3.0,path_1,3.0,path_1,3.0,path_1,3.0,path_1,3.0,path_1,3.0,path_1,3.0,path_1,3.0,path_1,3.0,path_1,3.0,path_1,3.0,path_1,3.0,50.0,0,0,0.0,0.0,0.0,0.0
210,100.00004768371582,path_1,4.0,path_1,4.0,path_1,4.0,path_1,4.0,path_1,4.0,path_1,4.0,path_1,4.0,path_1,4.0,path_1,4.0,path_1,4.0,path_1,4.0,path_1,4.0,path_1,4.0,path_1,4.0,path_1,4.0,path_1,4.0,path_1,4.0,path_1,4.0,path_1,4.0,path_1,4.0,path_1,4.0,path_1,4.0,path_1,4.0,path_1,4.0,path_1,4.0,75.0,0,0,0.0,0.0,0.0,0.0
211,50.00002384185791,path_1,2.0,path_1,2.0,path_1,2.0,path_1,2.0,path_1,2.0,path_1,2.0,path_1,2.0,path_1,2.0,path_1,2.0,path_1,2.0,path_1,2.0,path_1,2.0,path_1,2.0,path_1,2.0,path_1,2.0,path_1,2.0,path_1,2.0,path_1,2.0,path_1,2.0,path_1,2.0,path_1,2.0,path_1,2.0,path_1,2.0,path_1,2.0,path_1,2.0,100.0,0,0,0.0,0.0,0.0,0.0
212,75.00002384185791,path_1,3.0,path_1,3.0,path_1,3.0,path_1,3.0,path_1,3.0,path_1,3.0,path_1,3.0,path_1,3.0,path_1,3.0,path_1,3.0,path_1,3.0,path_1,3.0,path_1,3.0,path_1,3.0,path_1,3.0,path_1,3.0,path_1,3.0,path_1,3.0,path_1,3.0,path_1,3.0,path_1,3.0,path_1,3.0,path_1,3.0,path_1,3.0,path_1,3.0,50.0,0,0,0.0,0.0,0.0,0.0
213,100.00002384185791,path_1,4.0,path_1,4.0,path_1,4.0,path_1,4.0,path_1,4.0,path_1,4.0,path_1,4.0,path_1,4.0,path_1,4.0,path_1,4.0,path_1,4.0,path_1,4.0,path_1,4.0,path_1,4.0,path_1,4.0,path_1,4.0,path_1,4.0,path_1,4.0,path_1,4.0,path_1,4.0,path_1,4.0,path_1,4.0,path_1,4.0,path_1,4.0,path_1,4.0,75.0,0,0,0.0,0.0,0.0,0.0
214,50.000011920928955,path_1,2.0,path_1,2.0,path_1,2.0,path_1,2.0,path_1,2.0,path_1,2.0,path_1,2.0,path_1,2.0,path_1,2.0,path_1,2.0,path_1,2.0,path_1,2.0,path_1,2.0,path_1,2.0,path_1,2.0,path_1,2.0,path_1,2.0,path_1,2.0,path_1,2.0,path_1,2.0,path_1,2.0,path_1,2.0,path_1,2.0,path_1,2.0,path_1,2.0,100.0,0,0,0.0,0.0,0.0,0.0
215,75.00001192092896,path_1,3.0,path_1,3.0,path_1,3.0,path_1,3.0,path_1,3.0,path_1,3.0,path_1,3.0,path_1,3.0,path_1,3.0,path_1,3.0,path_1,3.0,path_1,3.0,path_1,3.0,path_1,3.0,path_1,3.0,path_1,3.0,path_1,3.0,path_1,3.0,path_1,3.0,path_1,3.0,path_1,3.0,path_1,3.0,path_1,3.0,path_1,3.0,path_1,3.0,50.0,0,0,0.0,0.0,0.0,0.0
216,100.00001192092896,path_1,4.0,path_1,4.0,path_1,4.0,path_1,4.0,path_1,4.0,path_1,4.0,path_1,4.0,path_1,4.0,path_1,4.0,path_1,4.0,path_1,4.0,path_1,4.0,path_1,4.0,path_1,4.0,path_1,4.0,path_1,4.0,path_1,4.0,path_1,4.0,path_1,4.0,path_1,4.0,path_1,4.0,path_1,4.0,path_1,4.0,path_1,4.0,path_1,4.0,75.0,0,0,0.0,0.0,0.0,0.0
217,50.00000596046448,path_1,2.0,path_1,2.0,path_1,2.0,path_1,2.0,path_1,2.0,path_1,2.0,path_1,2.0,path_1,2.0,path_1,2.0,path_1,2.0,path_1,2.0,path_1,2.0,path_1,2.0,path_1,2.0,path_1,2.0,path_1,2.0,path_1,2.0,path_1,2.0,path_1,2.0,path_1,2.0,path_1,2.0,path_1,2.0,path_1,2.0,path_1,2.0,path_1,2.0,100.0,0,0,0.0,0.0,0.0,0.0
218,75.00000596046448,path_1,3.0,path_1,3.0,path_1,3.0,path_1,3.0,path_1,3.0,path_1,3.0,path_1,3.0,path_1,3.0,path_1,3.0,path_1,3.0,path_1,3.0,path_1,3.0,path_1,3.0,path_1,3.0,path_1,3.0,path_1,3.0,path_1,3.0,path_1,3.0,path_1,3.0,path_1,3.0,path_1,3.0,path_1,3.0,path_1,3.0,path_1,3.0,path_1,3.0,50.0,0,0,0.0,0.0,0.0,0.0
219,100.00000596046448,path_1,4.0,path_1,4.0,path_1,4.0,path_1,4.0,path_1,4.0,path_1,4.0,path_1,4.0,path_1,4.0,path_1,4.0,path_1,4.0,path_1,4.0,path_1,4.0,path_1,4.0,path_1,4.0,path_1,4.0,path_1,4.0,path_1,4.0,path_1,4.0,path_1,4.0,path_1,4.0,path_1,4.0,path_1,4.0,path_1,4.0,path_1,4.0,path_1,4.0,75.0,0,0,0.0,0.0,0.0,0.0
220,50.00000298023224,path_1,2.0,path_1,2.0,path_1,2.0,path_1,2.0,path_1,2.0,path_1,2.0,path_1,2.0,path_1,2.0,path_1,2.0,path_1,2.0,path_1,2.0,path_1,2.0,path_1,2.0,path_1,2.0,path_1,2.0,path_1,2.0,path_1,2.0,path_1,2.0,path_1,2.0,path_1,2.0,path_1,2.0,path_1,2.0,path_1,2.0,path_1,2.0,path_1,2.0,100.0,0,0,0.0,0.0,0.0,0.0
221,75.00000298023224,path_1,3.0,path_1,3.0,path_1,3.0,path_1,3.0,path_1,3.0,path_1,3.0,path_1,3.0,path_1,3.0,path_1,3.0,path_1,3.0,path_1,3.0,path_1,3.0,path_1,3.0,path_1,3.0,path_1,3.0,path_1,3.0,path_1,3.0,path_1,3.0,path_1,3.0,path_1,3.0,path_1,3.0,path_1,3.0,path_1,3.0,path_1,3.0,path_1,3.0,50.0,0,0,0.0,0.0,0.0,0.0
222,100.00000298023224,path_1,4.0,path_1,4.0,path_1,4.0,path_1,4.0,path_1,4.0,path_1,4.0,path_1,4.0,path_1,4.0,path_1,4.0,path_1,4.0,path_1,4.0,path_1,4.0,path_1,4.0,path_1,4.0,path_1,4.0,path_1,4.0,path_1,4.0,path_1,4.0,path_1,4.0,path_1,4.0,path_1,4.0,path_1,4.0,path_1,4.0,path_1,4.0,path_1,4.0,75.0,0,0,0.0,0.0,0.0,0.0
223,50.00000149011612,path_1,2.0,path_1,2.0,path_1,2.0,path_1,2.0,path_1,2.0,path_1,2.0,path_1,2.0,path_1,2.0,path_1,2.0,path_1,2.0,path_1,2.0,path_1,2.0,path_1,2.0,path_1,2.0,path_1,2.0,path_1,2.0,path_1,2.0,path_1,2.0,path_1,2.0,path_1,2.0,path_1,2.0,path_1,2.0,path_1,2.0,path_1,2.0,path_1,2.0,100.0,0,0,0.0,0.0,0.0,0.0
224,75.00000149011612,path_1,3.0,path_1,3.0,path_1,3.0,path_1,3.0,path_1,3.0,path_1,3.0,path_1,3.0,path_1,3.0,path_1,3.0,path_1,3.0,path_1,3.0,path_1,3.0,path_1,3.0,path_1,3.0,path_1,3.0,path_1,3.0,path_1,3.0,path_1,3.0,path_1,3.0,path_1,3.0,path_1,3.0,path_1,3.0,path_1,3.0,path_1,3.0,path_1,3.0,50.0,0,0,0.0,0.0,0.0,0.0
225,100.00000149011612,path_1,4.0,path_1,4.0,path_1,4.0,path_1,4.0,path_1,4.0,path_1,4.0,path_1,4.0,path_1,4.0,path_1,4.0,path_1,4.0,path_1,4.0,path_1,4.0,path_1,4.0,path_1,4.0,path_1,4.0,path_1,4.0,path_1,4.0,path_1,4.0,path_1,4.0,path_1,4.0,path_1,4.0,path_1,4.0,path_1,4.0,path_1,4.0,path_1,4.0,75.0,0,0,0.0,0.0,0.0,0.0
226,50.00000074505806,path_1,2.0,path_1,2.0,path_1,2.0,path_1,2.0,path_1,2.0,path_1,2.0,path_1,2.0,path_1,2.0,path_1,2.0,path_1,2.0,path_1,2.0,path_1,2.0,path_1,2.0,path_1,2.0,path_1,2.0,path_1,2.0,path_1,2.0,path_1,2.0,path_1,2.0,path_1,2.0,path_1,2.0,path_1,2.0,path_1,2.0,path_1,2.0,path_1,2.0,100.0,0,0,0.0,0.0,0.0,0.0
227,75.00000074505806,path_1,3.0,path_1,3.0,path_1,3.0,path_1,3.0,path_1,3.0,path_1,3.0,path_1,3.0,path_1,3.0,path_1,3.0,path_1,3.0,path_1,3.0,path_1,3.0,path_1,3.0,path_1,3.0,path_1,3.0,path_1,3.0,path_1,3.0,path_1,3.0,path_1,3.0,path_1,3.0,path_1,3.0,path_1,3.0,path_1,3.0,path_1,3.0,path_1,3.0,50.0,0,0,0.0,0.0,0.0,0.0
228,100.00000074505806,path_1,4.0,path_1,4.0,path_1,4.0,path_1,4.0,path_1,4.0,path_1,4.0,path_1,4.0,path_1,4.0,path_1,4.0,path_1,4.0,path_1,4.0,path_1,4.0,path_1,4.0,path_1,4.0,path_1,4.0,path_1,4.0,path_1,4.0,path_1,4.0,path_1,4.0,path_1,4.0,path_1,4.0,path_1,4.0,path_1,4.0,path_1,4.0,path_1,4.0,75.0,0,0,0.0,0.0,0.0,0.0
229,50.00000037252903,path_1,2.0,path_1,2.0,path_1,2.0,path_1,2.0,path_1,2.0,path_1,2.0,path_1,2.0,path_1,2.0,path_1,2.0,path_1,2.0,path_1,2.0,path_1,2.0,path_1,2.0,path_1,2.0,path_1,2.0,path_1,2.0,path_1,2.0,path_1,2.0,path_1,2.0,path_1,2.0,path_1,2.0,path_1,2.0,path_1,2.0,path_1,2.0,path_1,2.0,100.0,0,0,0.0,0.0,0.0,0.0
230,75.00000037252903,path_1,3.0,path_1,3.0,path_1,3.0,path_1,3.0,path_1,3.0,path_1,3.0,path_1,3.0,path_1,3.0,path_1,3.0,path_1,3.0,path_1,3.0,path_1,3.0,path_1,3.0,path_1,3.0,path_1,3.0,path_1,3.0,path_1,3.0,path_1,3.0,path_1,3.0,path_1,3.0,path_1,3.0,path_1,3.0,path_1,3.0,path_1,3.0,path_1,3.0,50.0,0,0,0.0,0.0,0.0,0.0
231,100.00000037252903,path_1,4.0,path_1,4.0,path_1,4.0,path_1,4.0,path_1,4.0,path_1,4.0,path_1,4.0,path_1,4.0,path_1,4.0,path_1,4.0,path_1,4.0,path_1,4.0,path_1,4.0,path_1,4.0,path_1,4.0,path_1,4.0,path_1,4.0,path_1,4.0,path_1,4.0,path_1,4.0,path_1,4.0,path_1,4.0,path_1,4.0,path_1,4.0,path_1,4.0,75.0,0,0,0.0,0.0,0.0,0.0
232,50.000000186264515,path_1,2.0,path_1,2.0,path_1,2.0,path_1,2.0,path_1,2.0,path_1,2.0,path_1,2.0,path_1,2.0,path_1,2.0,path_1,2.0,path_1,2.0,path_1,2.0,path_1,2.0,path_1,2.0,path_1,2.0,path_1,2.0,path_1,2.0,path_1,2.0,path_1,2.0,path_1,2.0,path_1,2.0,path_1,2.0,path_1,2.0,path_1,2.0,path_1,2.0,100.0,0,0,0.0,0.0,0.0,0.0
233,75.00000018626451,path_1,3.0,path_1,3.0,path_1,3.0,path_1,3.0,path_1,3.0,path_1,3.0,path_1,3.0,path_1,3.0,path_1,3.0,path_1,3.0,path_1,3.0,path_1,3.0,path_1,3.0,path_1,3.0,path_1,3.0,path_1,3.0,path_1,3.0,path_1,3.0,path_1,3.0,path_1,3.0,path_1,3.0,path_1,3.0,path_1,3.0,path_1,3.0,path_1,3.0,50.0,0,0,0.0,0.0,0.0,0.0
234,100.00000018626451,path_1,4.0,path_1,4.0,path_1,4.0,path_1,4.0,path_1,4.0,path_1,4.0,path_1,4.0,path_1,4.0,path_1,4.0,path_1,4.0,path_1,4.0,path_1,4.0,path_1,4.0,path_1,4.0,path_1,4.0,path_1,4.0,path_1,4.0,path_1,4.0,path_1,4.0,path_1,4.0,path_1,4.0,path_1,4.0,path_1,4.0,path_1,4.0,path_1,4.0,75.0,0,0,0.0,0.0,0.0,0.0
235,50.00000009313226,path_1,2.0,path_1,2.0,path_1,2.0,path_1,2.0,path_1,2.0,path_1,2.0,path_1,2.0,path_1,2.0,path_1,2.0,path_1,2.0,path_1,2.0,path_1,2.0,path_1,2.0,path_1,2.0,path_1,2.0,path_1,2.0,path_1,2.0,path_1,2.0,path_1,2.0,path_1,2.0,path_1,2.0,path_1,2.0,path_1,2.0,path_1,2.0,path_1,2.0,100.0,0,0,0.0,0.0,0.0,0.0
236,75.00000009313226,path_1,3.0,path_1,3.0,path_1,3.0,path_1,3.0,path_1,3.0,path_1,3.0,path_1,3.0,path_1,3.0,path_1,3.0,path_1,3.0,path_1,3.0,path_1,3.0,path_1,3.0,path_1,3.0,path_1,3.0,path_1,3.0,path_1,3.0,path_1,3.0,path_1,3.0,path_1,3.0,path_1,3.0,path_1,3.0,path_1,3.0,path_1,3.0,path_1,3.0,50.0,0,0,0.0,0.0,0.0,0.0
237,100.00000009313226,path_1,4.0,path_1,4.0,path_1,4.0,path_1,4.0,path_1,4.0,path_1,4.0,path_1,4.0,path_1,4.0,path_1,4.0,path_1,4.0,path_1,4.0,path_1,4.0,path_1,4.0,path_1,4.0,path_1,4.0,path_1,4.0,path_1,4.0,path_1,4.0,path_1,4.0,path_1,4.0,path_1,4.0,path_1,4.0,path_1,4.0,path_1,4.0,path_1,4.0,75.0,0,0,0.0,0.0,0.0,0.0
238,50.00000004656613,path_1,2.0,path_1,2.0,path_1,2.0,path_1,2.0,path_1,2.0,path_1,2.0,path_1,2.0,path_1,2.0,path_1,2.0,path_1,2.0,path_1,2.0,path_1,2.0,path_1,2.0,path_1,2.0,path_1,2.0,path_1,2.0,path_1,2.0,path_1,2.0,path_1,2.0,path_1,2.0,path_1,2.0,path_1,2.0,path_1,2.0,path_1,2.0,path_1,2.0,100.0,0,0,0.0,0.0,0.0,0.0
239,75.00000004656613,path_1,3.0,path_1,3.0,path_1,3.0,path_1,3.0,path_1,3.0,path_1,3.0,path_1,3.0,path_1,3.0,path_1,3.0,path_1,3.0,path_1,3.0,path_1,3.0,path_1,3.0,path_1,3.0,path_1,3.0,path_1,3.0,path_1,3.0,path_1,3.0,path_1,3.0,path_1,3.0,path_1,3.0,path_1,3.0,path_1,3.0,path_1,3.0,path_1,3.0,50.0,0,0,0.0,0.0,0.0,0.0
240,100.00000004656613,path_1,4.0,path_1,4.0,path_1,4.0,path_1,4.0,path_1,4.0,path_1,4.0,path_1,4.0,path_1,4.0,path_1,4.0,path_1,4.0,path_1,4.0,path_1,4.0,path_1,4.0,path_1,4.0,path_1,4.0,path_1,4.0,path_1,4.0,path_1,4.0,path_1,4.0,path_1,4.0,path_1,4.0,path_1,4.0,path_1,4.0,path_1,4.0,path_1,4.0,75.0,0,0,0.0,0.0,0.0,0.0
241,50.000000023283064,path_1,2.0,path_1,2.0,path_1,2.0,path_1,2.0,path_1,2.0,path_1,2.0,path_1,2.0,path_1,2.0,path_1,2.0,path_1,2.0,path_1,2.0,path_1,2.0,path_1,2.0,path_1,2.0,path_1,2.0,path_1,2.0,path_1,2.0,path_1,2.0,path_1,2.0,path_1,2.0,path_1,2.0,path_1,2.0,path_1,2.0,path_1,2.0,path_1,2.0,100.0,0,0,0.0,0.0,0.0,0.0
242,75.00000002328306,path_1,3.0,path_1,3.0,path_1,3.0,path_1,3.0,path_1,3.0,path_1,3.0,path_1,3.0,path_1,3.0,path_1,3.0,path_1,3.0,path_1,3.0,path_1,3.0,path_1,3.0,path_1,3.0,path_1,3.0,path_1,3.0,path_1,3.0,path_1,3.0,path_1,3.0,path_1,3.0,path_1,3.0,path_1,3.0,path_1,3.0,path_1,3.0,path_1,3.0,50.0,0,0,0.0,0.0,0.0,0.0
243,100.00000002328306,path_1,4.0,path_1,4.0,path_1,4.0,path_1,4.0,path_1,4.0,path_1,4.0,path_1,4.0,path_1,4.0,path_1,4.0,path_1,4.0,path_1,4.0,path_1,4.0,path_1,4.0,path_1,4.0,path_1,4.0,path_1,4.0,path_1,4.0,path_1,4.0,path_1,4.0,path_1,4.0,path_1,4.0,path_1,4.0,path_1,4.0,path_1,4.0,path_1,4.0,75.0,0,0,0.0,0.0,0.0,0.0
244,50.00000001164153,path_1,2.0,path_1,2.0,path_1,2.0,path_1,2.0,path_1,2.0,path_1,2.0,path_1,2.0,path_1,2.0,path_1,2.0,path_1,2.0,path_1,2.0,path_1,2.0,path_1,2.0,path_1,2.0,path_1,2.0,path_1,2.0,path_1,2.0,path_1,2.0,path_1,2.0,path_1,2.0,path_1,2.0,path_1,2.0,path_1,2.0,path_1,2.0,path_1,2.0,100.0,0,0,0.0,0.0,0.0,0.0
245,75.00000001164153,path_1,3.0,path_1,3.0,path_1,3.0,path_1,3.0,path_1,3.0,path_1,3.0,path_1,3.0,path_1,3.0,path_1,3.0,path_1,3.0,path_1,3.0,path_1,3.0,path_1,3.0,path_1,3.0,path_1,3.0,path_1,3.0,path_1,3.0,path_1,3.0,path_1,3.0,path_1,3.0,path_1,3.0,path_1,3.0,path_1,3.0,path_1,3.0,path_1,3.0,50.0,0,0,0.0,0.0,0.0,0.0
246,100.00000001164153,path_1,4.0,path_1,4.0,path_1,4.0,path_1,4.0,path_1,4.0,path_1,4.0,path_1,4.0,path_1,4.0,path_1,4.0,path_1,4.0,path_1,4.0,path_1,4.0,path_1,4.0,path_1,4.0,path_1,4.0,path_1,4.0,path_1,4.0,path_1,4.0,path_1,4.0,path_1,4.0,path_1,4.0,path_1,4.0,path_1,4.0,path_1,4.0,path_1,4.0,75.0,0,0,0.0,0.0,0.0,0.0
247,50.000000005820766,path_1,2.0,path_1,2.0,path_1,2.0,path_1,2.0,path_1,2.0,path_1,2.0,path_1,2.0,path_1,2.0,path_1,2.0,path_1,2.0,path_1,2.0,path_1,2.0,path_1,2.0,path_1,2.0,path_1,2.0,path_1,2.0,path_1,2.0,path_1,2.0,path_1,2.0,path_1,2.0,path_1,2.0,path_1,2.0,path_1,2.0,path_1,2.0,path_1,2.0,100.0,0,0,0.0,0.0,0.0,0.0
248,75.00000000582077,path_1,3.0,path_1,3.0,path_1,3.0,path_1,3.0,path_1,3.0,path_1,3.0,path_1,3.0,path_1,3.0,path_1,3.0,path_1,3.0,path_1,3.0,path_1,3.0,path_1,3.0,path_1,3.0,path_1,3.0,path_1,3.0,path_1,3.0,path_1,3.0,path_1,3.0,path_1,3.0,path_1,3.0,path_1,3.0,path_1,3.0,path_1,3.0,path_1,3.0,50.0,0,0,0.0,0.0,0.0,0.0
249,100.00000000582077,path_1,4.0,path_1,4.0,path_1,4.0,path_1,4.0,path_1,4.0,path_1,4.0,path_1,4.0,path_1,4.0,path_1,4.0,path_1,4.0,path_1,4.0,path_1,4.0,path_1,4.0,path_1,4.0,path_1,4.0,path_1,4.0,path_1,4.0,path_1,4.0,path_1,4.0,path_1,4.0,path_1,4.0,path_1,4.0,path_1,4.0,path_1,4.0,path_1,4.0,75.0,0,0,0.0,0.0,0.0,0.0
250,50.00000000291038,path_1,2.0,path_1,2.0,path_1,2.0,path_1,2.0,path_1,2.0,path_1,2.0,path_1,2.0,path_1,2.0,path_1,2.0,path_1,2.0,path_1,2.0,path_1,2.0,path_1,2.0,path_1,2.0,path_1,2.0,path_1,2.0,path_1,2.0,path_1,2.0,path_1,2.0,path_1,2.0,path_1,2.0,path_1,2.0,path_1,2.0,path_1,2.0,path_1,2.0,100.0,0,0,0.0,0.0,0.0,0.0
251,75.00000000291038,path_1,3.0,path_1,3.0,path_1,3.0,path_1,3.0,path_1,3.0,path_1,3.0,path_1,3.0,path_1,3.0,path_1,3.0,path_1,3.0,path_1,3.0,path_1,3.0,path_1,3.0,path_1,3.0,path_1,3.0,path_1,3.0,path_1,3.0,path_1,3.0,path_1,3.0,path_1,3.0,path_1,3.0,path_1,3.0,path_1,3.0,path_1,3.0,path_1,3.0,50.0,0,0,0.0,0.0,0.0,0.0
252,100.00000000291038,path_1,4.0,path_1,4.0,path_1,4.0,path_1,4.0,path_1,4.0,path_1,4.0,path_1,4.0,path_1,4.0,path_1,4.0,path_1,4.0,path_1,4.0,path_1,4.0,path_1,4.0,path_1,4.0,path_1,4.0,path_1,4.0,path_1,4.0,path_1,4.0,path_1,4.0,path_1,4.0,path_1,4.0,path_1,4.0,path_1,4.0,path_1,4.0,path_1,4.0,75.0,0,0,0.0,0.0,0.0,0.0
253,50.00000000145519,path_1,2.0,path_1,2.0,path_1,2.0,path_1,2.0,path_1,2.0,path_1,2.0,path_1,2.0,path_1,2.0,path_1,2.0,path_1,2.0,path_1,2.0,path_1,2.0,path_1,2.0,path_1,2.0,path_1,2.0,path_1,2.0,path_1,2.0,path_1,2.0,path_1,2.0,path_1,2.0,path_1,2.0,path_1,2.0,path_1,2.0,path_1,2.0,path_1,2.0,100.0,0,0,0.0,0.0,0.0,0.0
254,75.00000000145519,path_1,3.0,path_1,3.0,path_1,3.0,path_1,3.0,path_1,3.0,path_1,3.0,path_1,3.0,path_1,3.0,path_1,3.0,path_1,3.0,path_1,3.0,path_1,3.0,path_1,3.0,path_1,3.0,path_1,3.0,path_1,3.0,path_1,3.0,path_1,3.0,path_1,3.0,path_1,3.0,path_1,3.0,path_1,3.0,path_1,3.0,path_1,3.0,path_1,3.0,50.0,0,0,0.0,0.0,0.0,0.0
255,100.00000000145519,path_1,4.0,path_1,4.0,path_1,4.0,path_1,4.0,path_1,4.0,path_1,4.0,path_1,4.0,path_1,4.0,path_1,4.0,path_1,4.0,path_1,4.0,path_1,4.0,path_1,4.0,path_1,4.0,path_1,4.0,path_1,4.0,path_1,4.0,path_1,4.0,path_1,4.0,path_1,4.0,path_1,4.0,path_1,4.0,path_1,4.0,path_1,4.0,path_1,4.0,75.0,0,0,0.0,0.0,0.0,0.0
256,50.000000000727596,path_1,2.0,path_1,2.0,path_1,2.0,path_1,2.0,path_1,2.0,path_1,2.0,path_1,2.0,path_1,2.0,path_1,2.0,path_1,2.0,path_1,2.0,path_1,2.0,path_1,2.0,path_1,2.0,path_1,2.0,path_1,2.0,path_1,2.0,path_1,2.0,path_1,2.0,path_1,2.0,path_1,2.0,path_1,2.0,path_1,2.0,path_1,2.0,path_1,2.0,100.0,0,0,0.0,0.0,0.0,0.0
257,75.0000000007276,path_1,3.0,path_1,3.0,path_1,3.0,path_1,3.0,path_1,3.0,path_1,3.0,path_1,3.0,path_1,3.0,path_1,3.0,path_1,3.0,path_1,3.0,path_1,3.0,path_1,3.0,path_1,3.0,path_1,3.0,path_1,3.0,path_1,3.0,path_1,3.0,path_1,3.0,path_1,3.0,path_1,3.0,path_1,3.0,path_1,3.0,path_1,3.0,path_1,3.0,50.0,0,0,0.0,0.0,0.0,0.0
258,100.0000000007276,path_1,4.0,path_1,4.0,path_1,4.0,path_1,4.0,path_1,4.0,path_1,4.0,path_1,4.0,path_1,4.0,path_1,4.0,path_1,4.0,path_1,4.0,path_1,4.0,path_1,4.0,path_1,4.0,path_1,4.0,path_1,4.0,path_1,4.0,path_1,4.0,path_1,4.0,path_1,4.0,path_1,4.0,path_1,4.0,path_1,4.0,path_1,4.0,path_1,4.0,75.0,0,0,0.0,0.0,0.0,0.0
259,50.0000000003638,path_1,2.0,path_1,2.0,path_1,2.0,path_1,2.0,path_1,2.0,path_1,2.0,path_1,2.0,path_1,2.0,path_1,2.0,path_1,2.0,path_1,2.0,path_1,2.0,path_1,2.0,path_1,2.0,path_1,2.0,path_1,2.0,path_1,2.0,path_1,2.0,path_1,2.0,path_1,2.0,path_1,2.0,path_1,2.0,path_1,2.0,path_1,2.0,path_1,2.0,100.0,0,0,0.0,0.0,0.0,0.0
260,75.0000000003638,path_1,3.0,path_1,3.0,path_1,3.0,path_1,3.0,path_1,3.0,path_1,3.0,path_1,3.0,path_1,3.0,path_1,3.0,path_1,3.0,path_1,3.0,path_1,3.0,path_1,3.0,path_1,3.0,path_1,3.0,path_1,3.0,path_1,3.0,path_1,3.0,path_1,3.0,path_1,3.0,path_1,3.0,path_1,3.0,path_1,3.0,path_1,3.0,path_1,3.0,50.0,0,0,0.0,0.0,0.0,0.0
261,100.0000000003638,path_1,4.0,path_1,4.0,path_1,4.0,path_1,4.0,path_1,4.0,path_1,4.0,path_1,4.0,path_1,4.0,path_1,4.0,path_1,4.0,path_1,4.0,path_1,4.0,path_1,4.0,path_1,4.0,path_1,4.0,path_1,4.0,path_1,4.0,path_1,4.0,path_1,4.0,path_1,4.0,path_1,4.0,path_1,4.0,path_1,4.0,path_1,4.0,path_1,4.0,75.0,0,0,0.0,0.0,0.0,0.0
262,50.0000000001819,path_1,2.0,path_1,2.0,path_1,2.0,path_1,2.0,path_1,2.0,path_1,2.0,path_1,2.0,path_1,2.0,path_1,2.0,path_1,2.0,path_1,2.0,path_1,2.0,path_1,2.0,path_1,2.0,path_1,2.0,path_1,2.0,path_1,2.0,path_1,2.0,path_1,2.0,path_1,2.0,path_1,2.0,path_1,2.0,path_1,2.0,path_1,2.0,path_1,2.0,100.0,0,0,0.0,0.0,0.0,0.0
263,75.0000000001819,path_1,3.0,path_1,3.0,path_1,3.0,path_1,3.0,path_1,3.0,path_1,3.0,path_1,3.0,path_1,3.0,path_1,3.0,path_1,3.0,path_1,3.0,path_1,3.0,path_1,3.0,path_1,3.0,path_1,3.0,path_1,3.0,path_1,3.0,path_1,3.0,path_1,3.0,path_1,3.0,path_1,3.0,path_1,3.0,path_1,3.0,path_1,3.0,path_1,3.0,50.0,0,0,0.0,0.0,0.0,0.0
264,100.0000000001819,path_1,4.0,path_1,4.0,path_1,4.0,path_1,4.0,path_1,4.0,path_1,4.0,path_1,4.0,path_1,4.0,path_1,4.0,path_1,4.0,path_1,4.0,path_1,4.0,path_1,4.0,path_1,4.0,path_1,4.0,path_1,4.0,path_1,4.0,path_1,4.0,path_1,4.0,path_1,4.0,path_1,4.0,path_1,4.0,path_1,4.0,path_1,4.0,path_1,4.0,75.0,0,0,0.0,0.0,0.0,0.0
265,50.00000000009095,path_1,2.0,path_1,2.0,path_1,2.0,path_1,2.0,path_1,2.0,path_1,2.0,path_1,2.0,path_1,2.0,path_1,2.0,path_1,2.0,path_1,2.0,path_1,2.0,path_1,2.0,path_1,2.0,path_1,2.0,path_1,2.0,path_1,2.0,path_1,2.0,path_1,2.0,path_1,2.0,path_1,2.0,path_1,2.0,path_1,2.0,path_1,2.0,path_1,2.0,100.0,0,0,0.0,0.0,0.0,0.0
266,75.00000000009095,path_1,3.0,path_1,3.0,path_1,3.0,path_1,3.0,path_1,3.0,path_1,3.0,path_1,3.0,path_1,3.0,path_1,3.0,path_1,3.0,path_1,3.0,path_1,3.0,path_1,3.0,path_1,3.0,path_1,3.0,path_1,3.0,path_1,3.0,path_1,3.0,path_1,3.0,path_1,3.0,path_1,3.0,path_1,3.0,path_1,3.0,path_1,3.0,path_1,3.0,50.0,0,0,0.0,0.0,0.0,0.0
267,100.00000000009095,path_1,4.0,path_1,4.0,path_1,4.0,path_1,4.0,path_1,4.0,path_1,4.0,path_1,4.0,path_1,4.0,path_1,4.0,path_1,4.0,path_1,4.0,path_1,4.0,path_1,4.0,path_1,4.0,path_1,4.0,path_1,4.0,path_1,4.0,path_1,4.0,path_1,4.0,path_1,4.0,path_1,4.0,path_1,4.0,path_1,4.0,path_1,4.0,path_1,4.0,75.0,0,0,0.0,0.0,0.0,0.0
268,50.000000000045475,path_1,2.0,path_1,2.0,path_1,2.0,path_1,2.0,path_1,2.0,path_1,2.0,path_1,2.0,path_1,2.0,path_1,2.0,path_1,2.0,path_1,2.0,path_1,2.0,path_1,2.0,path_1,2.0,path_1,2.0,path_1,2.0,path_1,2.0,path_1,2.0,path_1,2.0,path_1,2.0,path_1,2.0,path_1,2.0,path_1,2.0,path_1,2.0,path_1,2.0,100.0,0,0,0.0,0.0,0.0,0.0
269,75.00000000004547,path_1,3.0,path_1,3.0,path_1,3.0,path_1,3.0,path_1,3.0,path_1,3.0,path_1,3.0,path_1,3.0,path_1,3.0,path_1,3.0,path_1,3.0,path_1,3.0,path_1,3.0,path_1,3.0,path_1,3.0,path_1,3.0,path_1,3.0,path_1,3.0,path_1,3.0,path_1,3.0,path_1,3.0,path_1,3.0,path_1,3.0,path_1,3.0,path_1,3.0,50.0,0,0,0.0,0.0,0.0,0.0
270,100.00000000004547,path_1,4.0,path_1,4.0,path_1,4.0,path_1,4.0,path_1,4.0,path_1,4.0,path_1,4.0,path_1,4.0,path_1,4.0,path_1,4.0,path_1,4.0,path_1,4.0,path_1,4.0,path_1,4.0,path_1,4.0,path_1,4.0,path_1,4.0,path_1,4.0,path_1,4.0,path_1,4.0,path_1,4.0,path_1,4.0,path_1,4.0,path_1,4.0,path_1,4.0,75.0,0,0,0.0,0.0,0.0,0.0
271,50.00000000002274,path_1,2.0,path_1,2.0,path_1,2.0,path_1,2.0,path_1,2.0,path_1,2.0,path_1,2.0,path_1,2.0,path_1,2.0,path_1,2.0,path_1,2.0,path_1,2.0,path_1,2.0,path_1,2.0,path_1,2.0,path_1,2.0,path_1,2.0,path_1,2.0,path_1,2.0,path_1,2.0,path_1,2.0,path_1,2.0,path_1,2.0,path_1,2.0,path_1,2.0,100.0,0,0,0.0,0.0,0.0,0.0
272,75.00000000002274,path_1,3.0,path_1,3.0,path_1,3.0,path_1,3.0,path_1,3.0,path_1,3.0,path_1,3.0,path_1,3.0,path_1,3.0,path_1,3.0,path_1,3.0,path_1,3.0,path_1,3.0,path_1,3.0,path_1,3.0,path_1,3.0,path_1,3.0,path_1,3.0,path_1,3.0,path_1,3.0,path_1,3.0,path_1,3.0,path_1,3.0,path_1,3.0,path_1,3.0,50.0,0,0,0.0,0.0,0.0,0.0
273,100.00000000002274,path_1,4.0,path_1,4.0,path_1,4.0,path_1,4.0,path_1,4.0,path_1,4.0,path_1,4.0,path_1,4.0,path_1,4.0,path_1,4.0,path_1,4.0,path_1,4.0,path_1,4.0,path_1,4.0,path_1,4.0,path_1,4.0,path_1,4.0,path_1,4.0,path_1,4.0,path_1,4.0,path_1,4.0,path_1,4.0,path_1,4.0,path_1,4.0,path_1,4.0,75.0,0,0,0.0,0.0,0.0,0.0
274,50.00000000001137,path_1,2.0,path_1,2.0,path_1,2.0,path_1,2.0,path_1,2.0,path_1,2.0,path_1,2.0,path_1,2.0,path_1,2.0,path_1,2.0,path_1,2.0,path_1,2.0,path_1,2.0,path_1,2.0,path_1,2.0,path_1,2.0,path_1,2.0,path_1,2.0,path_1,2.0,path_1,2.0,path_1,2.0,path_1,2.0,path_1,2.0,path_1,2.0,path_1,2.0,100.0,0,0,0.0,0.0,0.0,0.0
275,75.00000000001137,path_1,3.0,path_1,3.0,path_1,3.0,path_1,3.0,path_1,3.0,path_1,3.0,path_1,3.0,path_1,3.0,path_1,3.0,path_1,3.0,path_1,3.0,path_1,3.0,path_1,3.0,path_1,3.0,path_1,3.0,path_1,3.0,path_1,3.0,path_1,3.0,path_1,3.0,path_1,3.0,path_1,3.0,path_1,3.0,path_1,3.0,path_1,3.0,path_1,3.0,50.0,0,0,0.0,0.0,0.0,0.0
276,100.00000000001137,path_1,4.0,path_1,4.0,path_1,4.0,path_1,4.0,path_1,4.0,path_1,4.0,path_1,4.0,path_1,4.0,path_1,4.0,path_1,4.0,path_1,4.0,path_1,4.0,path_1,4.0,path_1,4.0,path_1,4.0,path_1,4.0,path_1,4.0,path_1,4.0,path_1,4.0,path_1,4.0,path_1,4.0,path_1,4.0,path_1,4.0,path_1,4.0,path_1,4.0,75.0,0,0,0.0,0.0,0.0,0.0
277,50.000000000005684,path_1,2.0,path_1,2.0,path_1,2.0,path_1,2.0,path_1,2.0,path_1,2.0,path_1,2.0,path_1,2.0,path_1,2.0,path_1,2.0,path_1,2.0,path_1,2.0,path_1,2.0,path_1,2.0,path_1,2.0,path_1,2.0,path_1,2.0,path_1,2.0,path_1,2.0,path_1,2.0,path_1,2.0,path_1,2.0,path_1,2.0,path_1,2.0,path_1,2.0,100.0,0,0,0.0,0.0,0.0,0.0
278,75.00000000000568,path_1,3.0,path_1,3.0,path_1,3.0,path_1,3.0,path_1,3.0,path_1,3.0,path_1,3.0,path_1,3.0,path_1,3.0,path_1,3.0,path_1,3.0,path_1,3.0,path_1,3.0,path_1,3.0,path_1,3.0,path_1,3.0,path_1,3.0,path_1,3.0,path_1,3.0,path_1,3.0,path_1,3.0,path_1,3.0,path_1,3.0,path_1,3.0,path_1,3.0,50.0,0,0,0.0,0.0,0.0,0.0
279,100.00000000000568,path_1,4.0,path_1,4.0,path_1,4.0,path_1,4.0,path_1,4.0,path_1,4.0,path_1,4.0,path_1,4.0,path_1,4.0,path_1,4.0,path_1,4.0,path_1,4.0,path_1,4.0,path_1,4.0,path_1,4.0,path_1,4.0,path_1,4.0,path_1,4.0,path_1,4.0,path_1,4.0,path_1,4.0,path_1,4.0,path_1,4.0,path_1,4.0,path_1,4.0,75.0,0,0,0.0,0.0,0.0,0.0
280,50.00000000000284,path_1,2.0,path_1,2.0,path_1,2.0,path_1,2.0,path_1,2.0,path_1,2.0,path_1,2.0,path_1,2.0,path_1,2.0,path_1,2.0,path_1,2.0,path_1,2.0,path_1,2.0,path_1,2.0,path_1,2.0,path_1,2.0,path_1,2.0,path_1,2.0,path_1,2.0,path_1,2.0,path_1,2.0,path_1,2.0,path_1,2.0,path_1,2.0,path_1,2.0,100.0,0,0,0.0,0.0,0.0,0.0
281,75.00000000000284,path_1,3.0,path_1,3.0,path_1,3.0,path_1,3.0,path_1,3.0,path_1,3.0,path_1,3.0,path_1,3.0,path_1,3.0,path_1,3.0,path_1,3.0,path_1,3.0,path_1,3.0,path_1,3.0,path_1,3.0,path_1,3.0,path_1,3.0,path_1,3.0,path_1,3.0,path_1,3.0,path_1,3.0,path_1,3.0,path_1,3.0,path_1,3.0,path_1,3.0,50.0,0,0,0.0,0.0,0.0,0.0
282,100.00000000000284,path_1,4.0,path_1,4.0,path_1,4.0,path_1,4.0,path_1,4.0,path_1,4.0,path_1,4.0,path_1,4.0,path_1,4.0,path_1,4.0,path_1,4.0,path_1,4.0,path_1,4.0,path_1,4.0,path_1,4.0,path_1,4.0,path_1,4.0,path_1,4.0,path_1,4.0,path_1,4.0,path_1,4.0,path_1,4.0,path_1,4.0,path_1,4.0,path_1,4.0,75.0,0,0,0.0,0.0,0.0,0.0
283,50.00000000000142,path_1,2.0,path_1,2.0,path_1,2.0,path_1,2.0,path_1,2.0,path_1,2.0,path_1,2.0,path_1,2.0,path_1,2.0,path_1,2.0,path_1,2.0,path_1,2.0,path_1,2.0,path_1,2.0,path_1,2.0,path_1,2.0,path_1,2.0,path_1,2.0,path_1,2.0,path_1,2.0,path_1,2.0,path_1,2.0,path_1,2.0,path_1,2.0,path_1,2.0,100.0,0,0,0.0,0.0,0.0,0.0
284,75.00000000000142,path_1,3.0,path_1,3.0,path_1,3.0,path_1,3.0,path_1,3.0,path_1,3.0,path_1,3.0,path_1,3.0,path_1,3.0,path_1,3.0,path_1,3.0,path_1,3.0,path_1,3.0,path_1,3.0,path_1,3.0,path_1,3.0,path_1,3.0,path_1,3.0,path_1,3.0,path_1,3.0,path_1,3.0,path_1,3.0,path_1,3.0,path_1,3.0,path_1,3.0,50.0,0,0,0.0,0.0,0.0,0.0
285,100.00000000000142,path_1,4.0,path_1,4.0,path_1,4.0,path_1,4.0,path_1,4.0,path_1,4.0,path_1,4.0,path_1,4.0,path_1,4.0,path_1,4.0,path_1,4.0,path_1,4.0,path_1,4.0,path_1,4.0,path_1,4.0,path_1,4.0,path_1,4.0,path_1,4.0,path_1,4.0,path_1,4.0,path_1,4.0,path_1,4.0,path_1,4.0,path_1,4.0,path_1,4.0,75.0,0,0,0.0,0.0,0.0,0.0
286,50.00000000000071,path_1,2.0,path_1,2.0,path_1,2.0,path_1,2.0,path_1,2.0,path_1,2.0,path_1,2.0,path_1,2.0,path_1,2.0,path_1,2.0,path_1,2.0,path_1,2.0,path_1,2.0,path_1,2.0,path_1,2.0,path_1,2.0,path_1,2.0,path_1,2.0,path_1,2.0,path_1,2.0,path_1,2.0,path_1,2.0,path_1,2.0,path_1,2.0,path_1,2.0,100.0,0,0,0.0,0.0,0.0,0.0
287,75.00000000000071,path_1,3.0,path_1,3.0,path_1,3.0,path_1,3.0,path_1,3.0,path_1,3.0,path_1,3.0,path_1,3.0,path_1,3.0,path_1,3.0,path_1,3.0,path_1,3.0,path_1,3.0,path_1,3.0,path_1,3.0,path_1,3.0,path_1,3.0,path_1,3.0,path_1,3.0,path_1,3.0,path_1,3.0,path_1,3.0,path_1,3.0,path_1,3.0,path_1,3.0,50.0,0,0,0.0,0.0,0.0,0.0
288,100.00000000000071,path_1,4.0,path_1,4.0,path_1,4.0,path_1,4.0,path_1,4.0,path_1,4.0,path_1,4.0,path_1,4.0,path_1,4.0,path_1,4.0,path_1,4.0,path_1,4.0,path_1,4.0,path_1,4.0,path_1,4.0,path_1,4.0,path_1,4.0,path_1,4.0,path_1,4.0,path_1,4.0,path_1,4.0,path_1,4.0,path_1,4.0,path_1,4.0,path_1,4.0,75.0,0,0,0.0,0.0,0.0,0.0
289,50.000000000000355,path_1,2.0,path_1,2.0,path_1,2.0,path_1,2.0,path_1,2.0,path_1,2.0,path_1,2.0,path_1,2.0,path_1,2.0,path_1,2.0,path_1,2.0,path_1,2.0,path_1,2.0,path_1,2.0,path_1,2.0,path_1,2.0,path_1,2.0,path_1,2.0,path_1,2.0,path_1,2.0,path_1,2.0,path_1,2.0,path_1,2.0,path_1,2.0,path_1,2.0,100.0,0,0,0.0,0.0,0.0,0.0
290,75.00000000000036,path_1,3.0,path_1,3.0,path_1,3.0,path_1,3.0,path_1,3.0,path_1,3.0,path_1,3.0,path_1,3.0,path_1,3.0,path_1,3.0,path_1,3.0,path_1,3.0,path_1,3.0,path_1,3.0,path_1,3.0,path_1,3.0,path_1,3.0,path_1,3.0,path_1,3.0,path_1,3.0,path_1,3.0,path_1,3.0,path_1,3.0,path_1,3.0,path_1,3.0,50.0,0,0,0.0,0.0,0.0,0.0
291,100.00000000000036,path_1,4.0,path_1,4.0,path_1,4.0,path_1,4.0,path_1,4.0,path_1,4.0,path_1,4.0,path_1,4.0,path_1,4.0,path_1,4.0,path_1,4.0,path_1,4.0,path_1,4.0,path_1,4.0,path_1,4.0,path_1,4.0,path_1,4.0,path_1,4.0,path_1,4.0,path_1,4.0,path_1,4.0,path_1,4.0,path_1,4.0,path_1,4.0,path_1,4.0,75.0,0,0,0.0,0.0,0.0,0.0
292,50.00000000000018,path_1,2.0,path_1,2.0,path_1,2.0,path_1,2.0,path_1,2.0,path_1,2.0,path_1,2.0,path_1,2.0,path_1,2.0,path_1,2.0,path_1,2.0,path_1,2.0,path_1,2.0,path_1,2.0,path_1,2.0,path_1,2.0,path_1,2.0,path_1,2.0,path_1,2.0,path_1,2.0,path_1,2.0,path_1,2.0,path_1,2.0,path_1,2.0,path_1,2.0,100.0,0,0,0.0,0.0,0.0,0.0
293,75.00000000000017,path_1,3.0,path_1,3.0,path_1,3.0,path_1,3.0,path_1,3.0,path_1,3.0,path_1,3.0,path_1,3.0,path_1,3.0,path_1,3.0,path_1,3.0,path_1,3.0,path_1,3.0,path_1,3.0,path_1,3.0,path_1,3.0,path_1,3.0,path_1,3.0,path_1,3.0,path_1,3.0,path_1,3.0,path_1,3.0,path_1,3.0,path_1,3.0,path_1,3.0,50.0,0,0,0.0,0.0,0.0,0.0
294,100.00000000000017,path_1,4.0,path_1,4.0,path_1,4.0,path_1,4.0,path_1,4.0,path_1,4.0,path_1,4.0,path_1,4.0,path_1,4.0,path_1,4.0,path_1,4.0,path_1,4.0,path_1,4.0,path_1,4.0,path_1,4.0,path_1,4.0,path_1,4.0,path_1,4.0,path_1,4.0,path_1,4.0,path_1,4.0,path_1,4.0,path_1,4.0,path_1,4.0,path_1,4.0,75.0,0,0,0.0,0.0,0.0,0.0
295,50.000000000000085,path_1,2.0,path_1,2.0,path_1,2.0,path_1,2.0,path_1,2.0,path_1,2.0,path_1,2.0,path_1,2.0,path_1,2.0,path_1,2.0,path_1,2.0,path_1,2.0,path_1,2.0,path_1,2.0,path_1,2.0,path_1,2.0,path_1,2.0,path_1,2.0,path_1,2.0,path_1,2.0,path_1,2.0,path_1,2.0,path_1,2.0,path_1,2.0,path_1,2.0,100.0,0,0,0.0,0.0,0.0,0.0
296,75.00000000000009,path_1,3.0,path_1,3.0,path_1,3.0,path_1,3.0,path_1,3.0,path_1,3.0,path_1,3.0,path_1,3.0,path_1,3.0,path_1,3.0,path_1,3.0,path_1,3.0,path_1,3.0,path_1,3.0,path_1,3.0,path_1,3.0,path_1,3.0,path_1,3.0,path_1,3.0,path_1,3.0,path_1,3.0,path_1,3.0,path_1,3.0,path_1,3.0,path_1,3.0,50.0,0,0,0.0,0.0,0.0,0.0
297,100.00000000000009,path_1,4.0,path_1,4.0,path_1,4.0,path_1,4.0,path_1,4.0,path_1,4.0,path_1,4.0,path_1,4.0,path_1,4.0,path_1,4.0,path_1,4.0,path_1,4.0,path_1,4.0,path_1,4.0,path_1,4.0,path_1,4.0,path_1,4.0,path_1,4.0,path_1,4.0,path_1,4.0,path_1,4.0,path_1,4.0,path_1,4.0,path_1,4.0,path_1,4.0,75.0,0,0,0.0,0.0,0.0,0.0
298,50.00000000000004,path_1,2.0,path_1,2.0,path_1,2.0,path_1,2.0,path_1,2.0,path_1,2.0,path_1,2.0,path_1,2.0,path_1,2.0,path_1,2.0,path_1,2.0,path_1,2.0,path_1,2.0,path_1,2.0,path_1,2.0,path_1,2.0,path_1,2.0,path_1,2.0,path_1,2.0,path_1,2.0,path_1,2.0,path_1,2.0,path_1,2.0,path_1,2.0,path_1,2.0,100.0,0,0,0.0,0.0,0.0,0.0
299,75.00000000000004,path_1,3.0,path_1,3.0,path_1,3.0,path_1,3.0,path_1,3.0,path_1,3.0,path_1,3.0,path_1,3.0,path_1,3.0,path_1,3.0,path_1,3.0,path_1,3.0,path_1,3.0,path_1,3.0,path_1,3.0,path_1,3.0,path_1,3.0,path_1,3.0,path_1,3.0,path_1,3.0,path_1,3.0,path_1,3.0,path_1,3.0,path_1,3.0,path_1,3.0,50.0,0,0,0.0,0.0,0.0,0.0
